detector,frame_id,exposure_time_s,observation_index,bbox,bbox_cx_px,bbox_cy_px,bbox_w_px,bbox_h_px,confidence,torso_depth_m,depth_accepted,world_x_m,world_y_m,nearest_prior_track_id,nearest_prior_cost_m,nearest_prior_pred_x_m,nearest_prior_pred_y_m,nearest_prior_age,assigned_prior_track_id,association_cost_m,innovation_norm_m,mahalanobis_squared,association_outcome,track_birth_ids,track_death_ids,active_track_ids,nearby_active_track_pairs,max_bbox_iou
yolo11n,1,0.08333330485116575,0,"[94.21903991699219, 103.85015869140625, 161.65347290039062, 186.61508178710938]",127.9362564086914,145.2326202392578,67.43443298339844,82.76492309570312,0.7455267906188965,7.590097427368164,True,1.9007102171579993,-0.11225342160739782,,,,,,,,,,new_birth,[1],[],[1],0,
yolo11n,2,0.18333330485116572,0,"[94.70986938476562, 104.26821899414062, 161.89642333984375, 186.5343017578125]",128.3031463623047,145.40126037597656,67.18655395507812,82.26608276367188,0.3907327950000763,7.591133117675781,True,1.8844724496205645,-0.11158647473276684,1,0.016251458787855038,1.9007102171579993,-0.11225342160739782,2,1,0.016251458787855038,0.016251458787855038,0.004799816678479796,matched,[],[],[1],0,
yolo11n,3,0.2833333048511658,0,"[96.17808532714844, 103.98075103759766, 155.70602416992188, 186.15042114257812]",125.94205474853516,145.0655860900879,59.52793884277344,82.16967010498047,0.5944473743438721,7.570546627044678,True,1.87714951634407,-0.12484342566207474,1,0.017108487727760042,1.8881464197403475,-0.11173737865987553,3,1,0.017108487727760042,0.017108487727760042,0.0055957034273235486,matched,[],[],[1],0,
yolo11n,4,0.3833333048511658,,,,,,,,,,,,,,,,,,,,,no_depth,[],[],[],0,
yolo11n,5,0.4833333048511659,,,,,,,,,,,,,,,,,,,,,no_depth,[],[],[],0,
yolo11n,6,0.5833333048511657,,,,,,,,,,,,,,,,,,,,,no_depth,[],[],[],0,
yolo11n,7,0.6833333048511658,,,,,,,,,,,,,,,,,,,,,no_depth,[],[],[],0,
yolo11n,8,0.7833333048511657,,,,,,,,,,,,,,,,,,,,,no_depth,[],[],[],0,
yolo11n,9,0.8833333048511658,,,,,,,,,,,,,,,,,,,,,no_depth,[],[1],[],0,
yolo11n,10,0.9833333048511659,,,,,,,,,,,,,,,,,,,,,no_depth,[],[],[],0,
yolo11n,11,1.0833333048511657,,,,,,,,,,,,,,,,,,,,,no_depth,[],[],[],0,
yolo11n,12,1.1833333048511658,,,,,,,,,,,,,,,,,,,,,no_depth,[],[],[],0,
yolo11n,13,1.2833333048511657,,,,,,,,,,,,,,,,,,,,,no_depth,[],[],[],0,
yolo11n,14,1.3833333048511658,,,,,,,,,,,,,,,,,,,,,no_depth,[],[],[],0,
yolo11n,15,1.4833333048511657,,,,,,,,,,,,,,,,,,,,,no_depth,[],[],[],0,
yolo11n,16,1.5833333048511657,,,,,,,,,,,,,,,,,,,,,no_depth,[],[],[],0,
yolo11n,17,1.6833333048511658,,,,,,,,,,,,,,,,,,,,,no_depth,[],[],[],0,
yolo11n,18,1.783333304851166,,,,,,,,,,,,,,,,,,,,,no_depth,[],[],[],0,
yolo11n,19,1.8833333048511656,,,,,,,,,,,,,,,,,,,,,no_depth,[],[],[],0,
yolo11n,20,1.9833333048511657,,,,,,,,,,,,,,,,,,,,,no_depth,[],[],[],0,
yolo11n,21,2.0833333048511657,,,,,,,,,,,,,,,,,,,,,no_depth,[],[],[],0,
yolo11n,22,2.183333304851166,,,,,,,,,,,,,,,,,,,,,no_depth,[],[],[],0,
yolo11n,23,2.283333304851166,,,,,,,,,,,,,,,,,,,,,no_depth,[],[],[],0,
yolo11n,24,2.3833333048511656,,,,,,,,,,,,,,,,,,,,,no_depth,[],[],[],0,
yolo11n,25,2.4833333048511657,,,,,,,,,,,,,,,,,,,,,no_depth,[],[],[],0,
yolo11n,26,2.5833333048511657,,,,,,,,,,,,,,,,,,,,,no_depth,[],[],[],0,
yolo11n,27,2.683333304851166,,,,,,,,,,,,,,,,,,,,,no_depth,[],[],[],0,
yolo11n,28,2.783333304851166,,,,,,,,,,,,,,,,,,,,,no_depth,[],[],[],0,
yolo11n,29,2.8833333048511656,,,,,,,,,,,,,,,,,,,,,no_depth,[],[],[],0,
yolo11n,30,2.9833333048511657,,,,,,,,,,,,,,,,,,,,,no_depth,[],[],[],0,
yolo11n,31,3.0833333048511657,,,,,,,,,,,,,,,,,,,,,no_depth,[],[],[],0,
yolo11n,32,3.183333304851166,,,,,,,,,,,,,,,,,,,,,no_depth,[],[],[],0,
yolo11n,33,3.283333304851166,,,,,,,,,,,,,,,,,,,,,no_depth,[],[],[],0,
yolo11n,34,3.3833333048511656,,,,,,,,,,,,,,,,,,,,,no_depth,[],[],[],0,
yolo11n,35,3.4833333048511657,0,"[137.9200439453125, 106.35594177246094, 187.15338134765625, 188.67066955566406]",162.53671264648438,147.5133056640625,49.23333740234375,82.31472778320312,0.41821932792663574,7.55146598815918,True,2.4828446706136065,-0.13713066285745779,,,,,,,,,,new_birth,[2],[],[2],0,
yolo11n,36,3.583333304851166,,,,,,,,,,,,,,,,,,,,,no_depth,[],[],[],0,
yolo11n,37,3.683333304851166,,,,,,,,,,,,,,,,,,,,,no_depth,[],[],[],0,
yolo11n,38,3.7833333048511655,,,,,,,,,,,,,,,,,,,,,no_depth,[],[],[],0,
yolo11n,39,3.883333304851166,,,,,,,,,,,,,,,,,,,,,no_depth,[],[],[],0,
yolo11n,40,3.9999999718511656,,,,,,,,,,,,,,,,,,,,,no_depth,[],[],[],0,
yolo11n,41,4.083333304851166,,,,,,,,,,,,,,,,,,,,,no_depth,[],[2],[],0,
yolo11n,42,4.183333304851166,,,,,,,,,,,,,,,,,,,,,no_depth,[],[],[],0,
yolo11n,43,4.2833333048511655,,,,,,,,,,,,,,,,,,,,,no_depth,[],[],[],0,
yolo11n,44,4.383333304851166,,,,,,,,,,,,,,,,,,,,,no_depth,[],[],[],0,
yolo11n,45,4.483333304851166,,,,,,,,,,,,,,,,,,,,,no_depth,[],[],[],0,
yolo11n,46,4.583333304851166,,,,,,,,,,,,,,,,,,,,,no_depth,[],[],[],0,
yolo11n,47,4.683333304851166,,,,,,,,,,,,,,,,,,,,,no_depth,[],[],[],0,
yolo11n,48,4.7833333048511655,0,"[155.2291717529297, 106.68055725097656, 201.58299255371094, 189.13682556152344]",178.4060821533203,147.90869140625,46.35382080078125,82.45626831054688,0.3307875692844391,7.55144739151001,True,2.7345657825469964,-0.137142638422886,,,,,,,,,,new_birth,[3],[],[3],0,
yolo11n,49,4.883333304851166,0,"[156.37091064453125, 106.27735900878906, 202.2169189453125, 189.30885314941406]",179.29391479492188,147.79310607910156,45.84600830078125,83.031494140625,0.32367584109306335,7.546489238739014,True,2.7517750809590016,-0.12754211231175638,3,0.019706091785128877,2.7345657825469964,-0.137142638422886,2,3,0.019706091785128877,0.019706091785128877,0.007057338545096286,matched,[],[],[3],0,
yolo11n,50,4.983333304851166,0,"[158.443603515625, 106.89410400390625, 203.8426513671875, 189.04373168945312]",181.14312744140625,147.9689178466797,45.3990478515625,82.14962768554688,0.3057869076728821,7.555779457092285,True,2.7647485772768654,-0.13435294580961443,3,0.0174934856571274,2.747881291495495,-0.12971433493935408,3,3,0.0174934856571274,0.0174934856571274,0.005850381001827328,matched,[],[],[3],0,
yolo11n,51,5.083333304851166,,,,,,,,,,,,,,,,,,,,,no_depth,[],[],[],0,
yolo11n,52,5.183333304851166,0,"[160.80821228027344, 106.23162841796875, 206.37171936035156, 188.99008178710938]",183.5899658203125,147.61085510253906,45.563507080078125,82.75845336914062,0.2550755441188812,7.554654121398926,True,2.812298077344894,-0.13507762105092702,3,0.04070538641810456,2.7717920226552653,-0.13105418757589185,5,3,0.04070538641810456,0.04070538641810456,0.02107989328298133,matched,[],[],[3],0,
yolo11n,53,5.2833333048511655,0,"[162.04788208007812, 106.59837341308594, 207.24539184570312, 188.5246124267578]",184.64663696289062,147.56149291992188,45.197509765625,81.92623901367188,0.3122352361679077,7.546380996704102,True,2.8304154634475704,-0.12761199974419046,3,0.015550088363583415,2.8162891353543,-0.13411216148960353,6,3,0.015550088363583415,0.015550088363583415,0.004820612651022082,matched,[],[],[3],0,
yolo11n,54,5.383333304851166,,,,,,,,,,,,,,,,,,,,,no_depth,[],[],[],0,
yolo11n,55,5.483333304851166,,,,,,,,,,,,,,,,,,,,,no_depth,[],[],[],0,
yolo11n,56,5.583333304851166,,,,,,,,,,,,,,,,,,,,,no_depth,[],[],[],0,
yolo11n,57,5.683333304851166,,,,,,,,,,,,,,,,,,,,,no_depth,[],[],[],0,
yolo11n,58,5.7833333048511655,,,,,,,,,,,,,,,,,,,,,no_depth,[],[],[],0,
yolo11n,59,5.883333304851166,,,,,,,,,,,,,,,,,,,,,no_depth,[],[3],[],0,
yolo11n,60,5.983333304851166,,,,,,,,,,,,,,,,,,,,,no_depth,[],[],[],0,
yolo11n,61,6.083333304851166,,,,,,,,,,,,,,,,,,,,,no_depth,[],[],[],0,
yolo11n,62,6.183333304851166,,,,,,,,,,,,,,,,,,,,,no_depth,[],[],[],0,
yolo11n,63,6.2833333048511655,,,,,,,,,,,,,,,,,,,,,no_depth,[],[],[],0,
yolo11n,64,6.383333304851166,,,,,,,,,,,,,,,,,,,,,no_depth,[],[],[],0,
yolo11n,65,6.483333304851166,,,,,,,,,,,,,,,,,,,,,no_depth,[],[],[],0,
yolo11n,66,6.583333304851166,0,"[179.5399932861328, 106.21211242675781, 222.0915069580078, 187.6161651611328]",200.8157501220703,146.9141387939453,42.551513671875,81.404052734375,0.4064251184463501,7.541123390197754,True,3.0832978049914037,-0.13100662014074693,,,,,,,,,,new_birth,[4],[],[4],0,
yolo11n,67,6.683333304851166,0,"[180.7090606689453, 107.00245666503906, 222.9171905517578, 187.4254913330078]",201.81312561035156,147.21397399902344,42.2081298828125,80.42303466796875,0.37372758984565735,7.543852806091309,True,3.1140367984771724,-0.12924434849646182,4,0.030789467710020283,3.0832978049914037,-0.13100662014074693,2,4,0.030789467710020283,0.030789467710020283,0.017228374772673926,matched,[],[],[4],0,
yolo11n,68,6.7833333048511655,0,"[182.37344360351562, 106.58515167236328, 224.42401123046875, 187.9273681640625]",203.3987274169922,147.2562599182129,42.050567626953125,81.34221649169922,0.39941272139549255,7.536859035491943,True,3.131487030784289,-0.13375993867932845,4,0.0247500563860873,3.1070817695103785,-0.12964308147186118,3,4,0.0247500563860873,0.0247500563860873,0.011710726248370214,matched,[],[],[4],0,
yolo11n,69,6.883333304851166,0,"[184.30142211914062, 106.36573028564453, 224.92184448242188, 188.0028076171875]",204.61163330078125,147.18426895141602,40.62042236328125,81.63707733154297,0.4481237530708313,7.540653228759766,True,3.146256081263224,-0.13131018405431494,4,0.0139200760507763,3.1324001556991665,-0.1326450413585606,4,4,0.0139200760507763,0.0139200760507763,0.003766263628153374,matched,[],[],[4],0,
yolo11n,70,6.983333304851166,0,"[185.4362030029297, 106.71170806884766, 226.1381378173828, 187.99887084960938]",205.78717041015625,147.35528945922852,40.701934814453125,81.28716278076172,0.7560842633247375,7.541592597961426,True,3.1617368042469023,-0.13070367197548194,4,0.007386634241065731,3.154518039093279,-0.13226949286821582,5,4,0.007386634241065731,0.007386634241065731,0.0011395335045557946,matched,[],[],[4],0,
yolo11n,71,7.083333304851166,0,"[186.19876098632812, 106.25119018554688, 226.31832885742188, 187.76763916015625]",206.258544921875,147.00941467285156,40.11956787109375,81.51644897460938,0.6599277853965759,7.5393900871276855,True,3.193687791625658,-0.13212574268214716,4,0.019820788235640187,3.173875287589097,-0.131552741736815,6,4,0.019820788235640187,0.019820788235640187,0.008930927943348804,matched,[],[],[4],0,
yolo11n,72,7.183333304851166,0,"[187.71592712402344, 106.1794204711914, 228.3825225830078, 187.66519165039062]",208.04922485351562,146.92230606079102,40.666595458984375,81.48577117919922,0.7435588240623474,7.53223991394043,True,3.2110930204391472,-0.13674231558676908,4,0.010507851017648432,3.20170521262034,-0.1320217226826693,7,4,0.010507851017648432,0.010507851017648432,0.002706308282740269,matched,[],[],[4],0,
yolo11n,73,7.2833333048511655,0,"[188.46890258789062, 106.53582763671875, 229.47576904296875, 187.45248413085938]",208.9723358154297,146.99415588378906,41.006866455078125,80.91665649414062,0.7155608534812927,7.528249740600586,True,3.227724540233612,-0.13931860648812755,4,0.005213213402221825,3.225069548161054,-0.13483211442062545,8,4,0.005213213402221825,0.005213213402221825,0.0007079920686484123,matched,[],[],[4],0,
yolo11n,74,7.383333304851166,,,,,,,,,,,,,,,,,,,,,no_depth,[],[],[],0,
yolo11n,75,7.4833333048511665,,,,,,,,,,,,,,,,,,,,,no_depth,[],[],[],0,
yolo11n,76,7.583333304851166,0,"[192.5603485107422, 106.0752944946289, 233.1222381591797, 187.89523315429688]",212.84129333496094,146.9852638244629,40.5618896484375,81.81993865966797,0.6047304272651672,7.530904769897461,True,3.289857041835784,-0.1376043632115067,4,0.006002674083205129,3.2843387208359105,-0.13996661414896772,11,4,0.006002674083205129,0.006002674083205129,0.0006989157002961681,matched,[],[],[4],0,
yolo11n,77,7.683333304851166,0,"[193.84384155273438, 105.79557037353516, 233.63168334960938, 187.74661254882812]",213.73776245117188,146.77109146118164,39.787841796875,81.95104217529297,0.6005136966705322,7.5272417068481445,True,3.306370615959167,-0.13996945244480496,4,0.001077536935232868,3.307345712224935,-0.13951089697457608,12,4,0.001077536935232868,0.001077536935232868,2.905265306524335e-05,matched,[5],[],"[4, 5]",1,0.6560476393695214
yolo11n,77,7.683333304851166,1,"[193.78524780273438, 106.16419982910156, 224.37796020507812, 176.31004333496094]",209.08160400390625,141.23712158203125,30.59271240234375,70.14584350585938,0.30656740069389343,7.411370277404785,True,3.286120623350143,-0.1268325479303165,4,0.024723368140908475,3.307345712224935,-0.13951089697457608,12,,,,,new_birth,[5],[],"[4, 5]",1,0.6560476393695214
yolo11n,78,7.7833333048511655,0,"[195.37521362304688, 105.61331939697266, 235.2845458984375, 186.88351440429688]",215.3298797607422,146.24841690063477,39.909332275390625,81.27019500732422,0.6809453368186951,7.523029327392578,True,3.3229913791020707,-0.1299355876752255,4,0.011324577078907279,3.326749719081981,-0.1406183273337363,13,4,0.011324577078907279,0.011324577078907279,0.0035640221556674,matched,[],[],"[4, 5]",1,0.677343560340206
yolo11n,78,7.7833333048511655,1,"[194.97317504882812, 105.94625854492188, 226.53060913085938, 177.08303833007812]",210.75189208984375,141.5146484375,31.55743408203125,71.13677978515625,0.40849563479423523,7.422863960266113,True,3.298927009105682,-0.13185897137253644,5,0.013757487006723601,3.286120623350143,-0.1268325479303165,2,5,0.013757487006723601,0.013757487006723601,0.003439681031170722,matched,[],[],"[4, 5]",1,0.677343560340206
yolo11n,79,7.883333304851165,0,"[196.984130859375, 105.99711608886719, 236.77838134765625, 187.1665802001953]",216.88125610351562,146.58184814453125,39.79425048828125,81.16946411132812,0.504641056060791,7.524286270141602,True,3.338386782010396,-0.12912190054415706,4,0.010168449132103739,3.344948894614313,-0.13688952797637177,14,4,0.010168449132103739,0.010168449132103739,0.0030292247825633866,matched,[],[],[4],0,
yolo11n,80,7.9833333048511665,0,"[198.2500457763672, 106.69003295898438, 237.5576934814453, 187.57266235351562]",217.90386962890625,147.13134765625,39.307647705078125,80.88262939453125,0.3234879970550537,7.541948318481445,True,3.365911197662353,-0.1304739978583198,4,0.005356041892953109,3.3619557059848586,-0.13408526776630825,15,4,0.005356041892953109,0.005356041892953109,0.0008641513106416475,matched,[],[],[4],0,
yolo11n,81,8.083333304851166,0,"[200.32717895507812, 106.39545440673828, 239.0655517578125, 187.6746826171875]",219.6963653564453,147.0350685119629,38.738372802734375,81.27922821044922,0.4745425879955292,7.549434661865234,True,3.3957451343536373,-0.12564037367675507,4,0.014780716604285773,3.3826886287985536,-0.13256837815324585,16,4,0.014780716604285773,0.014780716604285773,0.006674958790622743,matched,[],[],[4],0,
yolo11n,82,8.183333304851166,0,"[200.74893188476562, 106.43185424804688, 239.49029541015625, 187.88211059570312]",220.11961364746094,147.156982421875,38.741363525390625,81.45025634765625,0.3926396071910858,7.5317769050598145,True,3.3994974076747893,-0.1370412613880614,4,0.010472070938713147,3.4069384289694358,-0.12967271527379587,17,4,0.010472070938713147,0.010472070938713147,0.003372449980668729,matched,[],[],[4],0,
yolo11n,83,8.283333304851165,0,"[202.5101318359375, 106.26294708251953, 240.4151611328125, 187.521728515625]",221.462646484375,146.89233779907227,37.905029296875,81.25878143310547,0.7297792434692383,7.529781341552734,True,3.4156085093816118,-0.13832971471289301,4,0.011066300511347278,3.4244064307317466,-0.13161707090256855,18,4,0.011066300511347278,0.011066300511347278,0.003774974019471846,matched,[],[],[4],0,
yolo11n,84,8.383333304851165,0,"[203.61737060546875, 106.37545776367188, 241.03265380859375, 187.41241455078125]",222.32501220703125,146.89393615722656,37.415283203125,81.03695678710938,0.7663682699203491,7.525964260101318,True,3.4320907791455584,-0.1407942472971877,4,0.01136267158975622,3.4409830626488978,-0.1337205212809434,19,4,0.01136267158975622,0.01136267158975622,0.003981455580133405,matched,[],[5],[4],0,
yolo11n,85,8.483333304851167,0,"[204.53184509277344, 106.50947570800781, 243.27857971191406, 188.06153869628906]",223.90521240234375,147.28550720214844,38.746734619140625,81.55206298828125,0.511634886264801,7.536384582519531,True,3.4613214810689286,-0.13406627346026134,4,0.004844954573629635,3.457036667141275,-0.13632767886971842,20,4,0.004844954573629635,0.004844954573629635,0.0007236333027089314,matched,[],[],[4],0,
yolo11n,86,8.583333304851166,,,,,,,,,,,,,,,,,,,,,no_depth,[],[],[],0,
yolo11n,87,8.683333304851166,0,"[207.459716796875, 105.935546875, 244.362060546875, 188.04644775390625]",225.910888671875,146.99099731445312,36.90234375,82.11090087890625,0.5253586173057556,7.529241561889648,True,3.49415168762207,-0.13867822825260845,4,0.0032864880376912062,3.496381910437871,-0.13626428752968905,22,4,0.0032864880376912062,0.0032864880376912062,0.0002940623218354574,matched,[],[],[4],0,
yolo11n,88,8.783333304851165,0,"[208.6402587890625, 106.04864501953125, 245.43496704101562, 187.96041870117188]",227.03761291503906,147.00453186035156,36.794708251953125,81.91177368164062,0.5581231713294983,7.525361061096191,True,3.526283458868662,-0.141183708099077,4,0.01240588915263239,3.514383391997264,-0.1376773575570379,23,4,0.01240588915263239,0.01240588915263239,0.004419363606688347,matched,[],[],[4],0,
yolo11n,89,8.883333304851165,0,"[209.8729705810547, 106.08741760253906, 246.63526916503906, 187.89942932128906]",228.25411987304688,146.99342346191406,36.762298583984375,81.81201171875,0.6124950647354126,7.5321736335754395,True,3.5406413584947583,-0.13678511009385375,4,0.0037442446588462396,3.5381825876215927,-0.1396089043247727,24,4,0.0037442446588462396,0.0037442446588462396,0.00041560090637328363,matched,[],[],[4],0,
yolo11n,90,8.983333304851167,0,"[211.29518127441406, 106.10810089111328, 247.99281311035156, 187.56622314453125]",229.6439971923828,146.83716201782227,36.6976318359375,81.45812225341797,0.698186457157135,7.528092384338379,True,3.5571156263351433,-0.13942020495818586,4,0.0016291495910285064,3.5587295049978183,-0.1391976649570379,25,4,0.0016291495910285064,0.0016291495910285064,8.019665856750412e-05,matched,[],[],[4],0,
yolo11n,91,9.083333304851166,0,"[212.83193969726562, 105.9157485961914, 249.31912231445312, 187.00711059570312]",231.07553100585938,146.46142959594727,36.4871826171875,81.09136199951172,0.6405540704727173,7.51856803894043,True,3.5746048092842098,-0.13282362136197534,4,0.007704129363573295,3.5778512225318098,-0.1398103523770123,26,4,0.007704129363573295,0.007704129363573295,0.0018132660642651293,matched,[6],[],"[4, 6]",1,0.6179995137619814
yolo11n,91,9.083333304851166,1,"[213.5070343017578, 106.21446228027344, 241.00621032714844, 172.70860290527344]",227.25662231445312,139.46153259277344,27.499176025390625,66.494140625,0.3829421401023865,7.410444259643555,True,3.564226424694061,-0.11487866648133238,4,0.02841168910361316,3.5778512225318098,-0.1398103523770123,26,,,,,new_birth,[6],[],"[4, 6]",1,0.6179995137619814
yolo11n,92,9.183333304851166,0,"[214.45950317382812, 105.99047088623047, 250.32672119140625, 187.541015625]",232.3931121826172,146.76574325561523,35.867218017578125,81.55054473876953,0.33917516469955444,7.524672985076904,True,3.6048002173503235,-0.12887155901786862,4,0.012317976827719549,3.596295885114161,-0.13778272540309588,27,4,0.012317976827719549,0.012317976827719549,0.004662938557541072,matched,[],[],[4],0,
yolo11n,93,9.283333304851165,0,"[216.00701904296875, 106.4840087890625, 251.78448486328125, 186.80841064453125]",233.895751953125,146.64620971679688,35.7774658203125,80.32440185546875,0.7080885767936707,7.522974491119385,True,3.620788009961446,-0.12997108616538888,4,0.005110698494195963,3.6188476782992427,-0.13469912509704207,28,4,0.005110698494195963,0.005110698494195963,0.0008049408469531316,matched,[],[],"[4, 6]",1,0.6700866895823104
yolo11n,93,9.283333304851165,1,"[216.2313232421875, 106.4059829711914, 243.51507568359375, 177.11666870117188]",229.87319946289062,141.76132583618164,27.28375244140625,70.71068572998047,0.3762700855731964,7.422449111938477,True,3.5928273558616635,-0.1321310415836079,4,0.02614674420817173,3.6188476782992427,-0.13469912509704207,28,6,0.033401462697366324,0.033401462697366324,0.013086893962739684,matched,[],[],"[4, 6]",1,0.6700866895823104
yolo11n,94,9.383333304851165,0,"[217.0623016357422, 106.28743743896484, 252.86729431152344, 187.59103393554688]",234.9647979736328,146.93923568725586,35.80499267578125,81.30359649658203,0.6930875778198242,7.531606674194336,True,3.650587137540181,-0.13715117246021524,4,0.011985182798959139,3.639477579915903,-0.13265424727545624,29,4,0.011985182798959139,0.011985182798959139,0.004431584329089185,matched,[],[],"[4, 6]",1,0.6652545951872021
yolo11n,94,9.383333304851165,1,"[217.377685546875, 106.46826171875, 244.88226318359375, 176.87857055664062]",231.12997436523438,141.6734161376953,27.50457763671875,70.41030883789062,0.42491263151168823,7.426063060760498,True,3.6230841408173236,-0.12976090350347924,4,0.01664681001458467,3.639477579915903,-0.13265424727545624,29,6,0.03108682729704588,0.03108682729704588,0.0175188397321483,matched,[],[],"[4, 6]",1,0.6652545951872021
yolo11n,95,9.483333304851167,0,"[218.38702392578125, 106.03301239013672, 254.23934936523438, 187.20904541015625]",236.3131866455078,146.62102890014648,35.852325439453125,81.17603302001953,0.7677656412124634,7.523879051208496,True,3.6676464180151616,-0.12938551541894228,4,0.0059538347204357855,3.6635265349003445,-0.13368373726041488,30,4,0.0059538347204357855,0.0059538347204357855,0.0010938417878092292,matched,[],[],[4],0,
yolo11n,96,9.583333304851166,0,"[219.71475219726562, 106.3138427734375, 253.42013549804688, 188.18280029296875]",236.56744384765625,147.24832153320312,33.70538330078125,81.86895751953125,0.7168018817901611,7.524658203125,True,3.6831848144531243,-0.12888112817608732,4,0.003819500443771914,3.685666250991648,-0.1317847563108963,31,4,0.003819500443771914,0.003819500443771914,0.0004501104921111228,matched,[],[],[4],0,
yolo11n,97,9.683333304851166,0,"[220.6989288330078, 106.0552978515625, 254.60414123535156, 188.63034057617188]",237.6515350341797,147.3428192138672,33.90521240234375,82.57504272460938,0.6426714658737183,7.5229387283325195,True,3.699158511559168,-0.12999423735462745,4,0.006492761349372474,3.7056494031801646,-0.13015004462141186,32,4,0.006492761349372474,0.006492761349372474,0.001300424791143127,matched,[],[],[4],0,
yolo11n,98,9.783333304851165,0,"[222.17401123046875, 105.97279357910156, 256.88165283203125, 186.6386260986328]",239.52783203125,146.3057098388672,34.7076416015625,80.66583251953125,0.7244127988815308,7.5146942138671875,True,3.7162397384643553,-0.13533135818018494,4,0.009834394961647853,3.724043677861799,-0.1293468904392151,33,4,0.009834394961647853,0.009834394961647853,0.0029831123301586717,matched,[],[],[4],0,
yolo11n,99,9.883333304851165,0,"[223.44268798828125, 106.0676040649414, 258.63775634765625, 187.51004028320312]",241.04022216796875,146.78882217407227,35.195068359375,81.44243621826172,0.8164975047111511,7.527602195739746,True,3.745399634043375,-0.1397366995861251,4,0.009750888197769673,3.741600431325347,-0.1307563945048524,34,4,0.009750888197769673,0.009750888197769673,0.0029325858274539475,matched,[],[],[4],0,
yolo11n,100,9.983333304851167,0,"[224.48980712890625, 105.92547607421875, 259.2413635253906, 188.74929809570312]",241.86558532714844,147.33738708496094,34.751556396484375,82.82382202148438,0.7529109120368958,7.5276265144348145,True,3.7610781361659367,-0.12695957946937142,4,0.006874962099546634,3.762919617259073,-0.13358332850249643,35,4,0.006874962099546634,0.006874962099546634,0.0014578890819257496,matched,[],[6],[4],0,
yolo11n,101,10.083333304851166,0,"[225.27822875976562, 106.14401245117188, 260.7728576660156, 186.72329711914062]",243.02554321289062,146.43365478515625,35.49462890625,80.57928466796875,0.684391438961029,7.5118231773376465,True,3.779328733682632,-0.13718993565217374,4,0.006677092751625484,3.7824101233568532,-0.13126637208879297,36,4,0.006677092751625484,0.006677092751625484,0.0013753098039599118,matched,[],[],[4],0,
yolo11n,102,10.183333304851166,0,"[226.26132202148438, 106.38919067382812, 261.69610595703125, 187.42791748046875]",243.9787139892578,146.90855407714844,35.434783935546875,81.03872680664062,0.4283389449119568,7.5190229415893555,True,3.79382340312004,-0.132529138234875,4,0.007549540068895952,3.8013499394918573,-0.13311804017542173,37,4,0.007549540068895952,0.007549540068895952,0.001758394598969545,matched,[],[],[4],0,
yolo11n,103,10.283333304851165,,,,,,,,,,,,,,,,,,,,,no_depth,[],[],[],0,
yolo11n,104,10.383333304851165,,,,,,,,,,,,,,,,,,,,,no_depth,[],[],[],0,
yolo11n,105,10.483333304851167,0,"[231.59869384765625, 105.91885375976562, 262.1430969238281, 186.05233764648438]",246.8708953857422,145.985595703125,30.544403076171875,80.13348388671875,0.41480621695518494,7.494575500488281,True,3.844586277008056,-0.13564990331467985,4,0.013132064199566916,3.857439523502756,-0.1329582189557645,40,4,0.013132064199566916,0.013132064199566916,0.004079881403471887,matched,[],[],[4],0,
yolo11n,106,10.583333304851166,0,"[232.2532958984375, 105.597900390625, 263.82904052734375, 186.08285522460938]",248.04116821289062,145.8403778076172,31.57574462890625,80.48495483398438,0.6093988418579102,7.484313488006592,True,3.86176065703233,-0.1296224659378158,4,0.009467640001710671,3.8699181677911865,-0.13442779895657067,41,4,0.009467640001710671,0.009467640001710671,0.0024216010867886507,matched,[],[],[4],0,
yolo11n,107,10.683333304851166,0,"[233.5372314453125, 106.08837890625, 264.567138671875, 187.39501953125]",249.05218505859375,146.74169921875,31.0299072265625,81.306640625,0.6470743417739868,7.489837169647217,True,3.876524424552917,-0.13872531433473778,4,0.010303601114376854,3.8846996207376154,-0.13245392188442165,42,4,0.010303601114376854,0.010303601114376854,0.0030618912442049416,matched,[],[],[4],0,
yolo11n,108,10.783333304851165,0,"[234.60235595703125, 106.42800903320312, 265.893310546875, 188.09689331054688]",250.24783325195312,147.262451171875,31.29095458984375,81.66888427734375,0.5510244369506836,7.500066757202148,True,3.906240264574686,-0.14480050326085703,4,0.012046378140074532,3.899345642769618,-0.13492227384163707,43,4,0.012046378140074532,0.012046378140074532,0.0043342612067105366,matched,[],[],[4],0,
yolo11n,109,10.883333304851165,,,,,,,,,,,,,,,,,,,,,no_depth,[],[],[],0,
yolo11n,110,10.983333304851167,0,"[237.87164306640625, 106.35031127929688, 269.698486328125, 186.58578491210938]",253.78506469726562,146.46804809570312,31.82684326171875,80.2354736328125,0.46329182386398315,7.502020835876465,True,3.952842924992243,-0.1308175124857387,4,0.017859058982384268,3.937392501444034,-0.13977465488257587,45,4,0.017859058982384268,0.017859058982384268,0.00860799178042411,matched,[],[],[4],0,
yolo11n,111,11.083333304851166,0,"[238.936279296875, 105.89456176757812, 266.637451171875, 185.67324829101562]",252.786865234375,145.78390502929688,27.701171875,79.7786865234375,0.31102484464645386,7.442869186401367,True,3.9455935319264723,-0.15659212665238176,4,0.02619291604683878,3.962367666767657,-0.13647503811138018,46,4,0.02619291604683878,0.02619291604683878,0.019682004153100806,matched,[],[],[4],0,
yolo11n,112,11.183333304851166,0,"[239.53851318359375, 105.82079315185547, 268.09478759765625, 186.1282958984375]",253.816650390625,145.97454452514648,28.5562744140625,80.30750274658203,0.6800245046615601,7.4448089599609375,True,3.960828749338785,-0.15532982923781713,4,0.01698993313051465,3.9743323853198436,-0.1450191724657962,47,4,0.01698993313051465,0.01698993313051465,0.008567675980439988,matched,[],[],[4],0,
yolo11n,113,11.283333304851165,0,"[241.00503540039062, 105.78324890136719, 269.72467041015625, 186.08934020996094]",255.36485290527344,145.93629455566406,28.719635009765625,80.30609130859375,0.6544829607009888,7.452568531036377,True,3.990798011422157,-0.1502803292802941,4,0.0038063823212459726,3.9869949464201087,-0.15043920963052687,48,4,0.0038063823212459726,0.0038063823212459726,0.0004383288914755838,matched,[],[],[4],0,
yolo11n,114,11.383333304851165,0,"[243.01116943359375, 105.70428466796875, 272.11065673828125, 186.99557495117188]",257.5609130859375,146.3499298095703,29.0994873046875,81.29129028320312,0.508689820766449,7.47115421295166,True,4.019411009550094,-0.1508514770777083,4,0.013926248664942934,4.00556832102471,-0.1523747552095787,49,4,0.013926248664942934,0.013926248664942934,0.00592822928985105,matched,[],[],[4],0,
yolo11n,115,11.483333304851167,0,"[244.52017211914062, 105.85515594482422, 274.7936706542969, 187.27423095703125]",259.65692138671875,146.56469345092773,30.27349853515625,81.41907501220703,0.3473826050758362,7.505978584289551,True,4.0461152215798695,-0.12824873806020953,4,0.031314024273316,4.028014454161976,-0.15380123960258613,50,4,0.031314024273316,0.031314024273316,0.030128089681761457,matched,[],[],[4],0,
yolo11n,116,11.583333304851166,,,,,,,,,,,,,,,,,,,,,no_depth,[],[],[],0,
yolo11n,117,11.683333304851166,0,"[247.294189453125, 106.124755859375, 274.48126220703125, 184.62783813476562]",260.8877258300781,145.3762969970703,27.18707275390625,78.50308227539062,0.6615471839904785,7.459024429321289,True,4.067621946334839,-0.1460791875163352,4,0.004309693567524233,4.071855337112677,-0.1468865667135391,52,4,0.004309693567524233,0.004309693567524233,0.000505795409181137,matched,[],[],[4],0,
yolo11n,118,11.783333304851165,0,"[248.544677734375, 105.63758850097656, 276.84423828125, 185.6810760498047]",262.6944580078125,145.65933227539062,28.299560546875,80.04348754882812,0.7427396774291992,7.463543891906738,True,4.098155113061269,-0.14313817107207694,4,0.009885065643894837,4.089058231970701,-0.1470061520968721,53,4,0.009885065643894837,0.009885065643894837,0.002807443677018876,matched,[],[],[4],0,
yolo11n,119,11.883333304851165,0,"[249.43325805664062, 105.77059936523438, 277.5185852050781, 185.5970458984375]",263.4759216308594,145.68382263183594,28.0853271484375,79.82644653320312,0.7196359634399414,7.45848274230957,True,4.114305174350738,-0.1464316874826439,4,0.0027042547825894816,4.11166714147233,-0.1458368963751167,54,4,0.0027042547825894816,0.0027042547825894816,0.00021687996298609346,matched,[],[],[4],0,
yolo11n,120,11.983333304851167,0,"[251.22171020507812, 105.55301666259766, 279.3817443847656, 184.22836303710938]",265.3017272949219,144.89068984985352,28.1600341796875,78.67534637451172,0.767630934715271,7.46785831451416,True,4.144307901461919,-0.14033058331224968,4,0.013585204248711598,4.132088417061106,-0.14626707852891624,55,4,0.013585204248711598,0.013585204248711598,0.005577273746603233,matched,[],[],[4],0,
yolo11n,121,12.083333304851166,0,"[252.69020080566406, 105.65168762207031, 280.7579345703125, 186.2046356201172]",266.7240676879883,145.92816162109375,28.067733764648438,80.55294799804688,0.7357153296470642,7.470952987670898,True,4.159517788887023,-0.150982082235247,4,0.00747809994913455,4.1562235490761585,-0.14426866560004856,56,4,0.00747809994913455,0.00747809994913455,0.0017082247892624583,matched,[],[],[4],0,
yolo11n,122,12.183333304851166,0,"[254.053955078125, 105.58445739746094, 282.79425048828125, 185.75257873535156]",268.4241027832031,145.66851806640625,28.74029541015625,80.16812133789062,0.36818113923072815,7.481266021728516,True,4.189529514312744,-0.1316055885475711,4,0.019155455801027777,4.177659723364221,-0.14664020027463276,57,4,0.019155455801027777,0.019155455801027777,0.011273082215416891,matched,[],[],[4],0,
yolo11n,123,12.283333304851165,0,"[254.06463623046875, 105.38834381103516, 286.61163330078125, 183.02322387695312]",270.338134765625,144.20578384399414,32.5469970703125,77.63488006591797,0.4443008005619049,7.482825756072998,True,4.204949763417243,-0.11790513084664855,4,0.02367500192836558,4.202385576016788,-0.14144086239005843,58,4,0.02367500192836558,0.02367500192836558,0.017267406925225867,matched,[],[],[4],0,
yolo11n,124,12.383333304851165,0,"[253.81503295898438, 105.97835540771484, 288.2695007324219, 181.42959594726562]",271.0422668457031,143.70397567749023,34.4544677734375,75.45124053955078,0.6275651454925537,7.4762115478515625,True,4.221227963765462,-0.12855763282805022,4,0.0049350388396096935,4.224375480060177,-0.1323586523653535,59,4,0.0049350388396096935,0.0049350388396096935,0.0007510903003355929,matched,[],[],[4],0,
yolo11n,125,12.483333304851167,0,"[253.939697265625, 103.40101623535156, 287.80096435546875, 181.7674102783203]",270.8703308105469,142.58421325683594,33.86126708984375,78.36639404296875,0.5237292647361755,7.4217000007629395,True,4.242368124922116,-0.13262233158543957,4,0.004066272250221152,4.244440268013233,-0.12912364711511998,60,4,0.004066272250221152,0.004066272250221152,0.0005100501286193599,matched,[],[],[4],0,
yolo11n,126,12.599999971851165,0,"[253.22802734375, 100.35015106201172, 286.527099609375, 180.98779296875]",269.8775634765625,140.66897201538086,33.299072265625,80.63764190673828,0.481741338968277,7.349147319793701,True,4.234463820854822,-0.1428280568564686,4,0.03685349797497055,4.268204670585711,-0.12800458316003968,61,4,0.03685349797497055,0.03685349797497055,0.041105943290115965,matched,[7],[],"[4, 7]",0,0.4005917625371774
yolo11n,126,12.599999971851165,1,"[215.65103149414062, 100.38589477539062, 285.67559814453125, 192.6229248046875]",250.66331481933594,146.50440979003906,70.02456665039062,92.23703002929688,0.3314336836338043,9.125120162963867,True,3.5932106415430702,0.9071845967720158,4,1.2358129217206055,4.268204670585711,-0.12800458316003968,61,,,,,new_birth,[7],[],"[4, 7]",0,0.4005917625371774
yolo11n,127,12.683333304851166,0,"[254.41201782226562, 98.69734954833984, 285.7071228027344, 182.09115600585938]",270.0595703125,140.3942527770996,31.29510498046875,83.39380645751953,0.6214451193809509,7.314826011657715,True,4.238038957118988,-0.1655115720557223,4,0.04867353677413643,4.273232496544381,-0.13188824734181973,62,4,0.04867353677413643,0.04867353677413643,0.07348640441789889,matched,[],[],"[4, 7]",0,0.39127066343162775
yolo11n,127,12.683333304851166,1,"[216.804931640625, 98.7628173828125, 284.7353515625, 192.60723876953125]",250.7701416015625,145.68502807617188,67.930419921875,93.84442138671875,0.34863874316215515,9.154019355773926,True,3.5887553493181863,0.9569298223779112,7,0.04994434001356458,3.5932106415430702,0.9071845967720158,2,7,0.04994434001356458,0.04994434001356458,0.04801010585821212,matched,[],[],"[4, 7]",0,0.39127066343162775
yolo11n,128,12.783333304851165,0,"[255.6326446533203, 98.70452880859375, 286.40338134765625, 181.0133056640625]",271.0180130004883,139.85891723632812,30.770736694335938,82.30877685546875,0.5566319227218628,7.306534767150879,True,4.254124575853347,-0.17099139147421205,4,0.03793974035746468,4.279609909386706,-0.14288584623692327,63,4,0.03793974035746468,0.03793974035746468,0.04455687490700491,matched,[],[],[4],0,
yolo11n,129,12.883333304851165,,,,,,,,,,,,,,,,,,,,,no_depth,[],[],[],0,
yolo11n,130,12.983333304851167,,,,,,,,,,,,,,,,,,,,,no_depth,[],[],[],0,
yolo11n,131,13.083333304851166,0,"[258.3789978027344, 94.52603149414062, 287.9601135253906, 181.756591796875]",273.1695556640625,138.1413116455078,29.58111572265625,87.23056030273438,0.5747010707855225,7.215209484100342,True,4.293510738015175,-0.18242262875167814,4,0.03463025619601719,4.318659719843667,-0.15861541645809019,66,4,0.03463025619601719,0.03463025619601719,0.02841526490035369,matched,[],[],"[4, 7]",0,0.3971580910606378
yolo11n,131,13.083333304851166,1,"[223.792236328125, 93.51376342773438, 288.1619873046875, 194.4478759765625]",255.97711181640625,143.98081970214844,64.3697509765625,100.93411254882812,0.3755236268043518,9.168538093566895,True,3.701123770078023,0.9819210340307318,7,0.11423235992650008,3.587816461530912,0.9674129023733752,6,7,0.11423235992650008,0.11423235992650008,0.06337442530451393,matched,[],[],"[4, 7]",0,0.3971580910606378
yolo11n,132,13.183333304851166,0,"[259.42022705078125, 95.16985321044922, 289.90020751953125, 181.358642578125]",274.66021728515625,138.2642478942871,30.47998046875,86.18878936767578,0.47299832105636597,7.246849060058594,True,4.320607900619507,-0.17358238555645755,4,0.00035408430788103475,4.320605128506379,-0.17393645901278604,67,4,0.00035408430788103475,0.00035408430788103475,3.388323150459241e-06,matched,[],[],"[4, 7]",0,0.4083053911835942
yolo11n,132,13.183333304851166,1,"[226.58311462402344, 93.93728637695312, 289.6083984375, 194.646728515625]",258.0957565307617,144.29200744628906,63.02528381347656,100.70944213867188,0.41419199109077454,9.168538093566895,True,3.7393260121345517,0.9819210340307318,7,0.031057046368578735,3.7096601754036698,0.9911122396206805,7,7,0.031057046368578735,0.031057046368578735,0.018276361504789,matched,[],[],"[4, 7]",0,0.4083053911835942
yolo11n,133,13.283333304851165,0,"[261.8018798828125, 95.94746398925781, 291.4989013671875, 177.21214294433594]",276.650390625,136.57980346679688,29.697021484375,81.26467895507812,0.505327045917511,7.250647068023682,True,4.350462866822878,-0.15876104237958355,4,0.025117187943076668,4.334293420335922,-0.1779813995685985,68,4,0.025117187943076668,0.025117187943076668,0.018195085128018665,matched,[],[],[4],0,
yolo11n,134,13.383333304851165,0,"[262.6565246582031, 95.55274963378906, 293.3969421386719, 180.3473663330078]",278.0267333984375,137.95005798339844,30.74041748046875,84.79461669921875,0.6506533622741699,7.255950927734375,True,4.365104293823242,-0.16752052141237783,4,0.012534966610497678,4.354576659878879,-0.1743245137301129,69,4,0.012534966610497678,0.012534966610497678,0.004692532244125785,matched,[],[],[4],0,
yolo11n,135,13.483333304851167,0,"[264.017333984375, 95.73416137695312, 295.0299072265625, 174.80548095703125]",279.52362060546875,135.2698211669922,31.0125732421875,79.07131958007812,0.550717830657959,7.247305870056152,True,4.380959290266037,-0.14870575477238113,4,0.02723092052085475,4.37321227153644,-0.17481143869784813,70,4,0.02723092052085475,0.02723092052085475,0.022561005072424128,matched,[],[],[4],0,
yolo11n,136,13.583333304851166,0,"[265.8302001953125, 95.769287109375, 295.5904541015625, 175.90457153320312]",280.7103271484375,135.83692932128906,29.76025390625,80.13528442382812,0.6233099102973938,7.2493085861206055,True,4.4109936773777,-0.14736515109254356,4,0.02846738273313228,4.3912579506540395,-0.16788082730278886,71,4,0.02846738273313228,0.02846738273313228,0.024884608659907846,matched,[],[],[4],0,
yolo11n,137,13.683333304851166,0,"[266.76251220703125, 95.69647216796875, 297.42193603515625, 180.20025634765625]",282.09222412109375,137.9483642578125,30.659423828125,84.5037841796875,0.5109578967094421,7.262539863586426,True,4.425048927466074,-0.16313227545979636,4,0.011102953285118162,4.41403542131,-0.16172577135328128,72,4,0.011102953285118162,0.011102953285118162,0.0038001812591957774,matched,[],[],[4],0,
yolo11n,138,13.783333304851165,,,,,,,,,,,,,,,,,,,,,no_depth,[],[7],[],0,
yolo11n,139,13.883333304851165,,,,,,,,,,,,,,,,,,,,,no_depth,[],[],[],0,
yolo11n,140,13.983333304851167,0,"[239.33934020996094, 96.00695037841797, 302.637939453125, 194.74200439453125]",270.98863983154297,145.3744773864746,63.29859924316406,98.73505401611328,0.26923617720603943,9.139548301696777,True,3.9718008160591123,0.9320187864038969,4,1.2026701354745373,4.469258679339269,-0.16294748203686335,75,,,,,new_birth,[8],[],[8],0,
yolo11n,141,14.083333304851166,0,"[273.1234436035156, 96.56370544433594, 303.7398376464844, 183.54869079589844]",288.431640625,140.0561981201172,30.61639404296875,86.9849853515625,0.2526463270187378,7.30580997467041,True,4.512946001688639,-0.15908504083940933,4,0.026724839633125812,4.48654159014414,-0.16321106851806194,76,4,0.026724839633125812,0.026724839633125812,0.014413434244047358,matched,[],[],[4],0,
yolo11n,142,14.183333304851166,,,,,,,,,,,,,,,,,,,,,no_depth,[],[],[],0,
yolo11n,143,14.283333304851165,0,"[278.54144287109375, 96.6158447265625, 304.46221923828125, 181.47976684570312]",291.5018310546875,139.0478057861328,25.9207763671875,84.86392211914062,0.5962043404579163,7.279802322387695,True,4.560178609689077,-0.17631801479090115,4,0.025556521255568808,4.539867643346646,-0.16080671488009413,78,4,0.025556521255568808,0.025556521255568808,0.014599516551919212,matched,[],[],"[4, 8]",0,0.3888803351022792
yolo11n,143,14.283333304851165,1,"[245.44686889648438, 96.67285919189453, 304.7521057128906, 191.96490478515625]",275.0994873046875,144.3188819885254,59.30523681640625,95.29204559326172,0.25434398651123047,9.18310260772705,True,4.062558275461196,1.0069914162097664,8,0.11771920683188813,3.9718008160591123,0.9320187864038969,4,8,0.11771920683188813,0.11771920683188813,0.10198941421990008,matched,[],[],"[4, 8]",0,0.3888803351022792
yolo11n,144,14.383333304851165,0,"[280.85626220703125, 96.82571411132812, 305.50164794921875, 180.69671630859375]",293.178955078125,138.76121520996094,24.6453857421875,83.87100219726562,0.7386227250099182,7.292590618133545,True,4.589791777729988,-0.16784434077078725,4,0.018996682427921564,4.570871864516311,-0.16955045543699523,79,4,0.018996682427921564,0.018996682427921564,0.009630105136784924,matched,[],[],[4],0,
yolo11n,145,14.483333304851167,0,"[282.7350769042969, 96.31173706054688, 306.4598693847656, 182.23388671875]",294.59747314453125,139.27281188964844,23.72479248046875,85.92214965820312,0.6127719879150391,7.295261383056641,True,4.6048400084177645,-0.17225840829753558,4,0.005027320163905644,4.6004536347595515,-0.1698020544628963,80,4,0.005027320163905644,0.005027320163905644,0.0007287910214224867,matched,[],[],[4],0,
yolo11n,146,14.583333304851166,0,"[284.4693603515625, 95.64959716796875, 308.866455078125, 181.57937622070312]",296.66790771484375,138.61448669433594,24.3970947265625,85.92977905273438,0.5759589672088623,7.285344123840332,True,4.635732793807983,-0.16029526990366527,4,0.01620298649463047,4.624254975387701,-0.17173189771330452,81,4,0.01620298649463047,0.01620298649463047,0.00786227048677627,matched,[],[],"[4, 8]",0,0.377295997941182
yolo11n,146,14.583333304851166,1,"[252.26451110839844, 95.00812530517578, 309.5072021484375, 192.076904296875]",280.88585662841797,143.5425148010254,57.24269104003906,97.06877899169922,0.2867218852043152,9.168539047241211,True,4.159550587336222,0.9819216562460076,8,0.08110441174443322,4.108546507879474,1.044981227154636,7,8,0.08110441174443322,0.08110441174443322,0.063439834805584,matched,[],[],"[4, 8]",0,0.377295997941182
yolo11n,147,14.683333304851166,0,"[286.11822509765625, 93.77847290039062, 310.08648681640625, 179.66653442382812]",298.10235595703125,136.72250366210938,23.96826171875,85.8880615234375,0.4397762417793274,7.258602142333984,True,4.667314068476359,-0.1596021328469659,4,0.01867202175611852,4.650874635679005,-0.16845591428555234,82,4,0.01867202175611852,0.01867202175611852,0.010632012106464878,matched,[],[],[4],0,
yolo11n,148,14.783333304851165,,,,,,,,,,,,,,,,,,,,,no_depth,[],[],[],0,
yolo11n,149,14.883333304851165,,,,,,,,,,,,,,,,,,,,,no_depth,[],[],[],0,
yolo11n,150,14.983333304851167,0,"[289.5071716308594, 93.8309555053711, 313.9936218261719, 176.19833374023438]",301.7503967285156,135.01464462280273,24.4864501953125,82.36737823486328,0.3847735524177551,7.234484672546387,True,4.713634981711705,-0.16342040268512115,4,0.013865332542487188,4.7273271444174085,-0.16560492253037026,85,4,0.013865332542487188,0.013865332542487188,0.004531575500747875,matched,[],[],[4],0,
yolo11n,151,15.083333304851166,0,"[290.842529296875, 94.34466552734375, 314.1807861328125, 156.6419677734375]",302.51165771484375,125.49331665039062,23.3382568359375,62.29730224609375,0.5131469368934631,7.156126976013184,True,4.731645238399505,-0.11268725964849402,4,0.05306971895418565,4.743618710628872,-0.1643886235826189,86,,,,,new_birth,[9],[],"[4, 9]",1,0.6759033288755285
yolo11n,151,15.083333304851166,1,"[291.1004638671875, 93.67280578613281, 315.1639404296875, 181.4082794189453]",303.1322021484375,137.54054260253906,24.0634765625,87.7354736328125,0.29014429450035095,7.27192497253418,True,4.7424526572227474,-0.16304573868443484,4,0.0017784882332208967,4.743618710628872,-0.1643886235826189,86,4,0.0017784882332208967,0.0017784882332208967,8.527283369758306e-05,matched,[9],[],"[4, 9]",1,0.6759033288755285
yolo11n,152,15.183333304851166,0,"[292.1094970703125, 94.60818481445312, 315.0457763671875, 155.03997802734375]",303.57763671875,124.82408142089844,22.936279296875,60.431793212890625,0.365469753742218,7.150320053100586,True,4.746759498119354,-0.11665312671990069,9,0.015625906325941928,4.731645238399505,-0.11268725964849402,2,9,0.015625906325941928,0.015625906325941928,0.004437418419029755,matched,[],[8],[9],0,
yolo11n,153,15.283333304851165,0,"[293.8536071777344, 94.81011199951172, 316.7557678222656, 172.95849609375]",305.3046875,133.88430404663086,22.90216064453125,78.14838409423828,0.48405033349990845,7.228452682495117,True,4.774110853672028,-0.1551988245799114,4,0.01648039976485488,4.788456854529616,-0.1633102878143409,88,4,0.01648039976485488,0.01648039976485488,0.006895807672836058,matched,[],[],[4],0,
yolo11n,154,15.399999971851166,0,"[295.47149658203125, 94.4874496459961, 319.76123046875, 179.46090698242188]",307.6163635253906,136.97417831420898,24.28973388671875,84.97345733642578,0.664935290813446,7.271125793457031,True,4.803073676427205,-0.15741402704307816,4,0.004747774885528087,4.807592950031067,-0.1588692014165097,89,4,0.004747774885528087,0.004747774885528087,0.0006175522910582717,matched,[],[],[4],0,
yolo11n,155,15.483333304851165,0,"[297.521728515625, 95.0472412109375, 321.60528564453125, 180.72323608398438]",309.5635070800781,137.88523864746094,24.08355712890625,85.67599487304688,0.4154171645641327,7.295106887817383,True,4.832820467154185,-0.153809797948548,4,0.00986631507710975,4.823689889737268,-0.15754834435517343,90,4,0.00986631507710975,0.00986631507710975,0.002877740455875446,matched,[],[],[4],0,
yolo11n,156,15.583333304851166,0,"[298.8412780761719, 95.68910217285156, 322.7572937011719, 180.4488983154297]",310.7992858886719,138.06900024414062,23.916015625,84.75979614257812,0.5438820719718933,7.289227485656738,True,4.848141094048818,-0.15771552566206726,4,0.002590447520576164,4.848647460280769,-0.15517505098279985,91,4,0.002590447520576164,0.002590447520576164,0.00020302289322364346,matched,[],[],[4],0,
yolo11n,157,15.699999971851167,0,"[299.3434143066406, 94.5472183227539, 321.5256042480469, 157.16909790039062]",310.43450927734375,125.85815811157227,22.18218994140625,62.62187957763672,0.4952821731567383,7.166879653930664,True,4.835759007930755,-0.11749351681001485,4,0.053454499200253115,4.874003887121211,-0.15483936933017128,92,9,0.08092718409667946,0.08092718409667946,0.021572425719041364,matched,[],[],"[4, 9]",1,0.6117405455636907
yolo11n,157,15.699999971851167,1,"[299.852294921875, 94.8382797241211, 323.1541748046875, 187.96975708007812]",311.50323486328125,141.4040184020996,23.3018798828125,93.13147735595703,0.46206727623939514,7.331165790557861,True,4.86254064142704,-0.16714070733201858,4,0.01681454484904774,4.874003887121211,-0.15483936933017128,92,4,0.01681454484904774,0.01681454484904774,0.008492841163656336,matched,[],[],"[4, 9]",1,0.6117405455636907
yolo11n,158,15.783333304851165,0,"[301.3641662597656, 95.82709503173828, 325.3204650878906, 182.56732177734375]",313.3423156738281,139.19720840454102,23.956298828125,86.74022674560547,0.41601863503456116,7.316105365753174,True,4.893306796749433,-0.15846461025289038,4,0.005339275944304399,4.887969085459166,-0.15859386113756035,93,4,0.005339275944304399,0.005339275944304399,0.0008819137809186265,matched,[],[],"[4, 9]",1,0.6320254247678337
yolo11n,158,15.783333304851165,1,"[300.8703308105469, 95.17698669433594, 323.2757263183594, 157.0573272705078]",312.0730285644531,126.11715698242188,22.4053955078125,61.880340576171875,0.2841523587703705,7.176347732543945,True,4.8654434800148,-0.11104329614984998,9,0.02372745673003964,4.842765724556943,-0.11802266648459657,8,9,0.02372745673003964,0.02372745673003964,0.011237276616140095,matched,[],[],"[4, 9]",1,0.6320254247678337
yolo11n,159,15.899999971851166,0,"[301.9715576171875, 96.84532165527344, 326.1925048828125, 180.59791564941406]",314.08203125,138.72161865234375,24.220947265625,83.75259399414062,0.5414011478424072,7.314983367919922,True,4.908562707901001,-0.15300664340479386,4,0.008041369702848489,4.914684694861015,-0.15822055770782023,94,4,0.008041369702848489,0.008041369702848489,0.0019624073022068912,matched,[],[],"[4, 9]",1,0.6822676263189418
yolo11n,159,15.899999971851166,1,"[301.8679504394531, 96.25080871582031, 324.3755187988281, 159.22557067871094]",313.1217346191406,127.73818969726562,22.507568359375,62.974761962890625,0.5191195011138916,7.195182800292969,True,4.887575268745422,-0.116508474121793,9,0.01195740734429854,4.87587462603591,-0.11404381378377161,9,9,0.01195740734429854,0.01195740734429854,0.0035019771994964036,matched,[],[],"[4, 9]",1,0.6822676263189418
yolo11n,160,15.983333304851165,0,"[303.26068115234375, 97.72930145263672, 325.81732177734375, 157.77337646484375]",314.53900146484375,127.75133895874023,22.556640625,60.04407501220703,0.5009585618972778,7.20501708984375,True,4.909937286376953,-0.10983377647793091,9,0.0143918230836555,4.8965870592014,-0.1152092770157753,10,9,0.0143918230836555,0.0143918230836555,0.005764083186502446,matched,[],[],[9],0,
yolo11n,161,16.099999971851165,0,"[304.21160888671875, 97.73715209960938, 327.99871826171875, 159.27288818359375]",316.10516357421875,128.50502014160156,23.787109375,61.535736083984375,0.40780237317085266,7.22085428237915,True,4.9398262143135065,-0.11744683920764487,9,0.016254437653504497,4.924227241904991,-0.1128775062989979,11,9,0.016254437653504497,0.016254437653504497,0.007503536046913745,matched,[],[],[9],0,
yolo11n,162,16.183333304851164,0,"[306.312255859375, 98.36958312988281, 331.4241943359375, 181.8876495361328]",318.86822509765625,140.1286163330078,25.1119384765625,83.51806640625,0.4488592743873596,7.344762325286865,True,4.977047617733478,-0.15195187807447397,4,0.005269987404416062,4.972679916999506,-0.15490076897465335,97,4,0.005269987404416062,0.005269987404416062,0.0006607973739447435,matched,[],[],[4],0,
yolo11n,163,16.283333304851165,0,"[307.9320068359375, 98.81610870361328, 333.133544921875, 184.7891845703125]",320.53277587890625,141.8026466369629,25.2015380859375,85.97307586669922,0.47223570942878723,7.366756916046143,True,5.0,-0.15616698574179466,4,0.005134132616086944,4.996197996090016,-0.15271675618594827,98,4,0.005134132616086944,0.005134132616086944,0.000712565773704976,matched,[],[],[4],0,
yolo11n,164,16.383333304851167,0,"[308.9194030761719, 99.0031509399414, 333.7754821777344, 176.14181518554688]",321.3474426269531,137.57248306274414,24.8560791015625,77.13866424560547,0.40184757113456726,7.309669494628906,True,5.0152284781138095,-0.150331717455491,4,0.005235149697220963,5.019416552250645,-0.15347286810082514,99,4,0.005235149697220963,0.005235149697220963,0.0007897027597697124,matched,[],[],[4],0,
yolo11n,165,16.499999971851167,,,,,,,,,,,,,,,,,,,,,no_depth,[],[],[],0,
yolo11n,166,16.583333304851166,,,,,,,,,,,,,,,,,,,,,no_depth,[],[],[],0,
yolo11n,167,16.699999971851167,0,"[313.6851806640625, 98.29586791992188, 341.4427490234375, 181.14462280273438]",327.56396484375,139.72024536132812,27.757568359375,82.8487548828125,0.456753671169281,7.359760761260986,True,5.091997009515762,-0.12333661995653777,4,0.02724481391344377,5.085991040688179,-0.14991119847850656,102,4,0.02724481391344377,0.02724481391344377,0.016574226361341544,matched,[],[9],[4],0,
yolo11n,168,16.783333304851165,0,"[314.10430908203125, 97.91056823730469, 337.60748291015625, 160.42250061035156]",325.85589599609375,129.16653442382812,23.503173828125,62.511932373046875,0.38274168968200684,7.216711521148682,True,5.075174078345299,-0.12024806620229445,4,0.035055253466796464,5.107270302862077,-0.13434427730279533,103,4,0.035055253466796464,0.035055253466796464,0.03322471810911948,matched,[],[],[4],0,
yolo11n,169,16.883333304851167,,,,,,,,,,,,,,,,,,,,,no_depth,[],[],[],0,
yolo11n,170,16.983333304851165,0,"[317.1418762207031, 98.28702545166016, 339.7687072753906, 158.96511840820312]",328.4552917480469,128.62607192993164,22.6268310546875,60.67809295654297,0.36207008361816406,7.219489097595215,True,5.120324818293253,-0.11836994151953295,4,0.014720538355893945,5.134710408263281,-0.12149228850562646,105,4,0.014720538355893945,0.014720538355893945,0.0055446920329890945,matched,[],[],[4],0,
yolo11n,171,17.083333304851166,,,,,,,,,,,,,,,,,,,,,no_depth,[],[],[],0,
yolo11n,172,17.199999971851167,,,,,,,,,,,,,,,,,,,,,no_depth,[],[],[],0,
yolo11n,173,17.283333304851165,,,,,,,,,,,,,,,,,,,,,no_depth,[],[],[],0,
yolo11n,174,17.383333304851167,0,"[319.73492431640625, 97.933349609375, 344.69427490234375, 160.12408447265625]",332.214599609375,129.02871704101562,24.9593505859375,62.19073486328125,0.34296876192092896,7.220254898071289,True,5.165464174747466,-0.11785212722931515,4,0.041489231767169135,5.204805499056971,-0.1046757637627043,109,4,0.041489231767169135,0.041489231767169135,0.031348100885561184,matched,[],[],[4],0,
yolo11n,175,17.483333304851165,0,"[321.47607421875, 98.38501739501953, 346.187744140625, 157.24407958984375]",333.8319091796875,127.81454849243164,24.711669921875,58.85906219482422,0.4668809473514557,7.218304634094238,True,5.195495750506718,-0.10693381281669812,4,0.0033306234329420347,5.197408469059813,-0.10966045180796768,110,4,0.0033306234329420347,0.0033306234329420347,0.0002767974481370036,matched,[],[],[4],0,
yolo11n,176,17.583333304851166,,,,,,,,,,,,,,,,,,,,,no_depth,[],[],[],0,
yolo11n,177,17.683333304851164,0,"[325.17730712890625, 98.4246826171875, 347.93310546875, 156.42636108398438]",336.5552062988281,127.42552185058594,22.75579833984375,58.001678466796875,0.4854791462421417,7.215235710144043,True,5.240507857004801,-0.10901414175443946,4,0.014099520431819893,5.227981326101583,-0.10254247273184432,112,4,0.014099520431819893,0.014099520431819893,0.004933914230342363,matched,[],[],[4],0,
yolo11n,178,17.783333304851165,0,"[326.1878967285156, 98.70829772949219, 348.8243103027344, 156.80616760253906]",337.506103515625,127.75723266601562,22.63641357421875,58.097869873046875,0.4099028706550598,7.212235927581787,True,5.255433355768521,-0.11104760187677165,4,0.009799983640838505,5.2500414657135925,-0.10286425286818951,113,4,0.009799983640838505,0.009799983640838505,0.002669920137541095,matched,[],[],[4],0,
yolo11n,179,17.883333304851167,0,"[326.8137512207031, 98.29898071289062, 349.9538879394531, 158.19992065429688]",338.3838195800781,128.24945068359375,23.14013671875,59.90093994140625,0.4913364052772522,7.215858459472656,True,5.270594692230224,-0.11470844171022865,4,0.010973131903591917,5.268901613066813,-0.10386671183349545,114,4,0.010973131903591917,0.010973131903591917,0.0035320784256212697,matched,[],[],[4],0,
yolo11n,180,17.983333304851165,0,"[329.1221618652344, 98.84599304199219, 350.8022155761719, 156.45765686035156]",339.9621887207031,127.65182495117188,21.6800537109375,57.611663818359375,0.3715631663799286,7.211936950683594,True,5.292984938621521,-0.11125026909926472,4,0.008356322952936767,5.286411839317519,-0.10609056960864434,115,4,0.008356322952936767,0.008356322952936767,0.0021036064561361784,matched,[],[],[4],0,
yolo11n,181,18.083333304851166,0,"[330.48931884765625, 98.74241638183594, 353.25250244140625, 157.1233367919922]",341.87091064453125,127.93287658691406,22.76318359375,58.38092041015625,0.49541035294532776,7.216104984283447,True,5.3157045930624,-0.10842488761312463,4,0.010050978770588276,5.305825445111882,-0.10657431742569935,116,4,0.010050978770588276,0.010050978770588276,0.003082131721127642,matched,[],[],[4],0,
yolo11n,182,18.199999971851167,0,"[332.07904052734375, 99.04193115234375, 355.66534423828125, 178.38009643554688]",343.8721923828125,138.7110137939453,23.5863037109375,79.33816528320312,0.32616400718688965,7.308177471160889,True,5.350183503826459,-0.15751631003252342,4,0.05551816517908241,5.3297400576736695,-0.10589914065788732,117,,,,,new_birth,[10],[],"[4, 10]",1,0.3523260430756249
yolo11n,182,18.199999971851167,1,"[314.44549560546875, 98.40819549560547, 370.04052734375, 193.94293212890625]",342.2430114746094,146.17556381225586,55.59503173828125,95.53473663330078,0.2863645851612091,7.439218521118164,True,5.325465810298919,-0.14635623541208354,4,0.04068225296822404,5.3297400576736695,-0.10589914065788732,117,4,0.04068225296822404,0.04068225296822404,0.04980710819192694,matched,[10],[],"[4, 10]",1,0.3523260430756249
yolo11n,183,18.283333304851165,0,"[332.6474609375, 98.55709838867188, 355.2276611328125, 158.90097045898438]",343.93756103515625,128.72903442382812,22.5802001953125,60.3438720703125,0.5392853021621704,7.215471267700195,True,5.353257447481155,-0.1149705788777009,4,0.011421241357377649,5.343021117490124,-0.1200363761948246,118,4,0.011421241357377649,0.011421241357377649,0.004032043211098819,matched,[],[],[4],0,
yolo11n,184,18.383333304851167,0,"[334.25213623046875, 98.66011047363281, 356.5867919921875, 156.93125915527344]",345.4194641113281,127.79568481445312,22.33465576171875,58.271148681640625,0.5268526077270508,7.2149882316589355,True,5.375780637065569,-0.1091818997902827,4,0.01543449226937137,5.364302389970162,-0.11950049442473136,119,4,0.01543449226937137,0.01543449226937137,0.007351306789561187,matched,[],[],[4],0,
yolo11n,185,18.483333304851165,0,"[335.43914794921875, 98.44075012207031, 358.69293212890625, 157.68235778808594]",347.0660400390625,128.06155395507812,23.2537841796875,59.241607666015625,0.47919994592666626,7.214588642120361,True,5.390790218114852,-0.10945276922002556,4,0.008423440281755177,5.386621269533816,-0.11677221003944388,120,4,0.008423440281755177,0.008423440281755177,0.00218634183633933,matched,[],[],[4],0,
yolo11n,186,18.583333304851166,0,"[335.4794921875, 98.45021057128906, 359.4696044921875, 158.3805389404297]",347.47454833984375,128.41537475585938,23.9901123046875,59.930328369140625,0.4310723841190338,7.215511798858643,True,5.405872538685799,-0.11494313841066273,4,0.0011465758375290693,5.406945740033532,-0.11453956063819565,121,4,0.0011465758375290693,0.0011465758375290693,4.0472182840845594e-05,matched,[],[],[4],0,
yolo11n,187,18.699999971851167,0,"[335.623046875, 98.6253890991211, 360.8253173828125, 157.85464477539062]",348.22418212890625,128.24001693725586,25.2022705078125,59.22925567626953,0.7006180882453918,7.217023849487305,True,5.41347532471021,-0.11391944757562289,4,0.015310165129257591,5.428765352067697,-0.11470444419499674,122,4,0.015310165129257591,0.015310165129257591,0.0070770608447293095,matched,[],[],[4],0,
yolo11n,188,18.783333304851165,0,"[336.42010498046875, 98.62413024902344, 362.68743896484375, 158.28736877441406]",349.55377197265625,128.45574951171875,26.267333984375,59.663238525390625,0.5561644434928894,7.220590591430664,True,5.436244014898936,-0.11762514014319247,4,0.004166894771818146,5.438934737550997,-0.11444347019659362,123,4,0.004166894771818146,0.004166894771818146,0.0005375645122944504,matched,[],[10],[4],0,
yolo11n,189,18.883333304851167,0,"[338.39666748046875, 98.84649658203125, 363.26336669921875, 157.8980712890625]",350.83001708984375,128.37228393554688,24.86669921875,59.05157470703125,0.6275414824485779,7.217288970947266,True,5.458598570028941,-0.11373995463828912,4,0.0031352154774927725,5.456056033152803,-0.11557437070990206,124,4,0.0031352154774927725,0.0031352154774927725,0.00030383140639904393,matched,[],[],[4],0,
yolo11n,190,18.999999971851167,0,"[339.6559753417969, 98.45919799804688, 364.3567810058594, 158.58718872070312]",352.0063781738281,128.523193359375,24.7008056640625,60.12799072265625,0.5457918047904968,7.215958595275879,True,5.473547282814979,-0.1146406476151931,4,0.004398408420605989,5.4779226984776415,-0.11508979615787021,125,4,0.004398408420605989,0.004398408420605989,0.0005861807674641818,matched,[],[],[4],0,
yolo11n,191,19.083333304851166,0,"[340.90155029296875, 98.06222534179688, 365.94183349609375, 157.23880004882812]",353.42169189453125,127.6505126953125,25.040283203125,59.17657470703125,0.39578524231910706,7.210545539855957,True,5.495725005865097,-0.10608152451502662,4,0.009898895410470445,5.491384418423858,-0.11497800870893114,126,4,0.009898895410470445,0.009898895410470445,0.003041572886694987,matched,[],[],[4],0,
yolo11n,192,19.183333304851164,0,"[329.102294921875, 98.6779556274414, 370.89422607421875, 192.96200561523438]",349.9982604980469,145.8199806213379,41.79193115234375,94.28404998779297,0.2749135196208954,7.4576826095581055,True,5.497178840637207,-0.14695236965118852,4,0.037644391723488276,5.510757621836304,-0.11184230087628472,127,,,,,new_birth,[11],[],"[4, 11]",1,0.6945803481121459
yolo11n,192,19.183333304851164,1,"[328.2189636230469, 97.77392578125, 386.9820251464844, 194.31314086914062]",357.6004943847656,146.0435333251953,58.7630615234375,96.53921508789062,0.25890424847602844,7.453871726989746,True,5.5279825806617735,-0.13679589770887812,4,0.030321299467910852,5.510757621836304,-0.11184230087628472,127,4,0.030321299467910852,0.030321299467910852,0.028475248602403518,matched,[11],[],"[4, 11]",1,0.6945803481121459
yolo11n,193,19.283333304851165,0,"[343.76708984375, 98.26858520507812, 368.5908203125, 156.94418334960938]",356.178955078125,127.60638427734375,24.82373046875,58.67559814453125,0.3087969124317169,7.214468955993652,True,5.533570099870364,-0.1095339007556646,4,0.010894780264034279,5.534996404151969,-0.1203349142774534,128,4,0.010894780264034279,0.010894780264034279,0.003670841596769321,matched,[],[],"[4, 11]",1,0.25264607489558993
yolo11n,193,19.283333304851165,1,"[329.75140380859375, 97.51457977294922, 389.01983642578125, 194.7867431640625]",359.3856201171875,146.15066146850586,59.2684326171875,97.27216339111328,0.3015521168708801,7.444121837615967,True,5.542800550659497,-0.14315711557472355,4,0.024119651215639113,5.534996404151969,-0.1203349142774534,128,11,0.045779300768610254,0.045779300768610254,0.038087130919815866,matched,[],[],"[4, 11]",1,0.25264607489558993
yolo11n,194,19.383333304851167,,,,,,,,,,,,,,,,,,,,,no_depth,[],[],[],0,
yolo11n,195,19.499999971851167,,,,,,,,,,,,,,,,,,,,,no_depth,[],[],[],0,
yolo11n,196,19.599999971851165,0,"[345.6982421875, 98.54800415039062, 371.502197265625, 159.1904296875]",358.6002197265625,128.8692169189453,25.803955078125,60.642425537109375,0.4389285743236542,7.217270374298096,True,5.578885227938493,-0.11375254497022436,4,0.016239242748859167,5.594533895505675,-0.1180921542185536,131,4,0.016239242748859167,0.016239242748859167,0.006085344443510983,matched,[],[],[4],0,
yolo11n,197,19.683333304851164,0,"[349.34222412109375, 97.94529724121094, 373.05621337890625, 156.6526336669922]",361.19921875,127.29896545410156,23.7139892578125,58.70733642578125,0.4644146263599396,7.213986396789551,True,5.61619467139244,-0.10374615706942336,4,0.01891872670538869,5.601780263014806,-0.11599944443551305,132,4,0.01891872670538869,0.01891872670538869,0.009768940922048832,matched,[],[],[4],0,
yolo11n,198,19.783333304851165,0,"[342.0098876953125, 98.29931640625, 374.70159912109375, 174.69842529296875]",358.3557434082031,136.49887084960938,32.69171142578125,76.39910888671875,0.46132296323776245,7.278987407684326,True,5.591417726874351,-0.16451808062134,11,0.03460586873122098,5.565808319003315,-0.14124310738532045,7,11,0.03460586873122098,0.03460586873122098,0.004160701405772615,matched,[],[],"[4, 11]",1,0.6460032477610853
yolo11n,198,19.783333304851165,1,"[347.6429748535156, 98.74237060546875, 374.9609069824219, 158.74246215820312]",361.30194091796875,128.74241638183594,27.31793212890625,60.000091552734375,0.3066401779651642,7.224241733551025,True,5.61707064807415,-0.1090327846396395,4,0.009004773854474762,5.62595344145642,-0.1105099217010301,133,4,0.009004773854474762,0.009004773854474762,0.0023516331919362097,matched,[],[],"[4, 11]",1,0.6460032477610853
yolo11n,199,19.899999971851166,0,"[344.0780029296875, 97.88676452636719, 375.731201171875, 175.16282653808594]",359.90460205078125,136.52479553222656,31.6531982421875,77.27606201171875,0.5777940154075623,7.290493488311768,True,5.60754112402598,-0.16923392346740052,11,0.004609179053341679,5.60398768108129,-0.16629835286109637,8,11,0.004609179053341679,0.004609179053341679,0.0003976746115102257,matched,[],[],"[4, 11]",1,0.6898240788395695
yolo11n,199,19.899999971851166,1,"[348.4049072265625, 98.28106689453125, 375.50799560546875, 160.53720092773438]",361.9564514160156,129.4091339111328,27.10308837890625,62.256134033203125,0.294343501329422,7.223280906677246,True,5.624512828389803,-0.115806019205829,4,0.0206345482232649,5.643996747191418,-0.10901179456203497,134,4,0.0206345482232649,0.0206345482232649,0.01252576255714649,matched,[],[],"[4, 11]",1,0.6898240788395695
yolo11n,200,19.983333304851165,0,"[344.6268005371094, 98.16093444824219, 378.4124450683594, 178.82972717285156]",361.5196228027344,138.49533081054688,33.78564453125,80.66879272460938,0.6485264301300049,7.315951824188232,True,5.64014578461647,-0.16476750409810403,11,0.02417487297113543,5.616736418529994,-0.17080290488014746,9,11,0.02417487297113543,0.02417487297113543,0.014720442713714508,matched,[],[],[11],0,
yolo11n,201,20.083333304851166,0,"[348.1502990722656, 98.74676513671875, 379.1891174316406, 174.83938598632812]",363.6697082519531,136.79307556152344,31.038818359375,76.09262084960938,0.2985823452472687,7.292842864990234,True,5.668510595957438,-0.16767719905943945,11,0.027323789804007785,5.6414042408639045,-0.17111740294829433,10,11,0.027323789804007785,0.027323789804007785,0.020610652934393757,matched,[],[],[11],0,
yolo11n,202,20.199999971851167,0,"[348.18292236328125, 98.59611511230469, 379.64556884765625, 179.47740173339844]",363.91424560546875,139.03675842285156,31.462646484375,80.88128662109375,0.6106061935424805,7.327430725097656,True,5.671681149800618,-0.16960294135233234,11,0.0035091764721493306,5.670689491276737,-0.17296908645982564,11,11,0.0035091764721493306,0.0035091764721493306,0.0003481267455198852,matched,[],[],"[4, 11]",1,0.5826988512053135
yolo11n,202,20.199999971851167,1,"[355.2313537597656, 98.34796142578125, 379.4890441894531, 159.868408203125]",367.3601989746094,129.10818481445312,24.2576904296875,61.52044677734375,0.2838476896286011,7.220333576202393,True,5.70699099600315,-0.11779892713100537,4,0.020156007552818805,5.688434456680091,-0.10993003338276851,137,4,0.020156007552818805,0.020156007552818805,0.009393693601058802,matched,[],[],"[4, 11]",1,0.5826988512053135
yolo11n,203,20.283333304851165,0,"[350.8099670410156, 98.46403503417969, 380.3121643066406, 180.8728485107422]",365.5610656738281,139.66844177246094,29.502197265625,82.4088134765625,0.5503216981887817,7.3349833488464355,True,5.687654688954353,-0.16462409229733943,11,0.0096588909522568,5.6846867358852915,-0.17381568786108323,12,11,0.0096588909522568,0.0096588909522568,0.002779410183995042,matched,[],[],[11],0,
yolo11n,204,20.399999971851166,0,"[351.231201171875, 98.240478515625, 381.38037109375, 185.046875]",366.3057861328125,141.6436767578125,30.149169921875,86.806396484375,0.4506171643733978,7.3798112869262695,True,5.7072319149971005,-0.16009423024292424,11,0.01314700973050545,5.704963296391471,-0.173044026939251,13,11,0.01314700973050545,0.01314700973050545,0.005100827396541697,matched,[],[],"[4, 11]",1,0.46202196270661167
yolo11n,204,20.399999971851166,1,"[349.1715087890625, 97.45618438720703, 407.2896728515625, 194.92205810546875]",378.2305908203125,146.1891212463379,58.1181640625,97.46587371826172,0.2920955419540405,7.457345962524414,True,5.807879145940144,-0.159813714404752,4,0.08680818311542002,5.734159757967973,-0.11397582077067706,139,4,0.08680818311542002,0.08680818311542002,0.17669702020588857,matched,[],[],"[4, 11]",1,0.46202196270661167
yolo11n,205,20.499999971851167,0,"[353.0066223144531, 98.4432601928711, 382.7987976074219, 177.99148559570312]",367.9027099609375,138.2173728942871,29.79217529296875,79.54822540283203,0.6390520930290222,7.328991889953613,True,5.732899188995361,-0.16857378851401794,11,0.010566982518529857,5.7224069684038845,-0.16982855008766676,14,11,0.010566982518529857,0.010566982518529857,0.003338557472436642,matched,[],[],[11],0,
yolo11n,206,20.583333304851166,0,"[355.85101318359375, 98.61662292480469, 384.16461181640625, 178.9131622314453]",370.0078125,138.764892578125,28.3135986328125,80.29653930664062,0.5373138189315796,7.3263258934021,True,5.763158947229385,-0.15791111168559802,11,0.02602709395856297,5.740270132548713,-0.17030109887048672,15,11,0.02602709395856297,0.02602709395856297,0.020825268486854977,matched,[],[],[11],0,
yolo11n,207,20.683333304851164,0,"[357.2671203613281, 98.55506896972656, 386.2577209472656, 178.0054168701172]",371.7624206542969,138.28024291992188,28.9906005859375,79.45034790039062,0.5974926352500916,7.321504592895508,True,5.793162997563679,-0.16109758822921094,11,0.02781561526667985,5.765945619371756,-0.16683542554145384,16,11,0.02781561526667985,0.02781561526667985,0.023772386018146234,matched,[12],[],"[11, 12]",0,0.4512106250271949
yolo11n,207,20.683333304851164,1,"[357.0081787109375, 98.41050720214844, 413.0157470703125, 189.5542755126953]",385.011962890625,143.98239135742188,56.007568359375,91.14376831054688,0.2978358864784241,9.168538093566895,True,6.35617959300677,0.9819210340307327,4,1.2414239768887552,5.836111216864987,-0.14531557579505786,142,,,,,new_birth,[12],[],"[11, 12]",0,0.4512106250271949
yolo11n,208,20.783333304851165,0,"[356.90728759765625, 98.29425048828125, 387.29315185546875, 180.67306518554688]",372.1002197265625,139.48365783691406,30.3858642578125,82.37881469726562,0.6842296123504639,7.350007057189941,True,5.79625076452891,-0.1547201465194714,11,0.010515554795616281,5.794515961047518,-0.1650916145708399,17,11,0.010515554795616281,0.010515554795616281,0.0033972597344065422,matched,[],[],[11],0,
yolo11n,209,20.883333304851167,0,"[358.77703857421875, 98.40744018554688, 388.5540771484375, 177.64541625976562]",373.6655578613281,138.02642822265625,29.77703857421875,79.23797607421875,0.6613664031028748,7.316082000732422,True,5.823059225082397,-0.15227867648051152,11,0.011908401684495582,5.815318838355608,-0.16132834188863798,18,11,0.011908401684495582,0.011908401684495582,0.004358466153747131,matched,[],[],[11],0,
yolo11n,210,20.983333304851165,0,"[359.098388671875, 97.87002563476562, 391.0018310546875, 179.97775268554688]",375.05010986328125,138.92388916015625,31.9034423828125,82.10772705078125,0.7098045945167542,7.346627712249756,True,5.849453829228878,-0.15694788206166077,11,0.01105475377345219,5.838411139758914,-0.1574642058569595,19,11,0.01105475377345219,0.01105475377345219,0.0037584483990073074,matched,[],[4],[11],0,
yolo11n,211,21.083333304851166,0,"[361.4759521484375, 96.76449584960938, 393.46142578125, 181.45150756835938]",377.46868896484375,139.10800170898438,31.9854736328125,84.68701171875,0.735149085521698,7.339458465576172,True,5.87156069278717,-0.14923157944470677,11,0.010933803850833897,5.863138139107825,-0.15620357027710574,20,11,0.010933803850833897,0.010933803850833897,0.00367945007417004,matched,[],[],[11],0,
yolo11n,212,21.199999971851167,0,"[363.533447265625, 96.7955322265625, 394.95556640625, 181.36724853515625]",379.2445068359375,139.08139038085938,31.422119140625,84.57171630859375,0.6481570601463318,7.326163291931152,True,5.900507571299871,-0.14559869526818936,11,0.011513887028636389,5.8911583287377365,-0.1523189079153144,21,11,0.011513887028636389,0.011513887028636389,0.00400635907781882,matched,[],[],[11],0,
yolo11n,213,21.299999971851165,0,"[364.59381103515625, 96.7890625, 395.66986083984375, 181.50396728515625]",380.1318359375,139.14651489257812,31.0760498046875,84.71490478515625,0.6049999594688416,7.333500862121582,True,5.916687607765198,-0.15316905723482677,11,0.004888043073215302,5.916491985472634,-0.148284930188541,22,11,0.004888043073215302,0.004888043073215302,0.0007268548176923907,matched,[],[12],[11],0,
yolo11n,214,21.383333304851167,0,"[368.19219970703125, 96.17892456054688, 396.36309814453125, 171.34967041015625]",382.27764892578125,133.76429748535156,28.1708984375,75.17074584960938,0.5601335167884827,7.240363597869873,True,5.935213631391525,-0.1533528616711326,11,0.004862849275204401,5.935181062772568,-0.14849012146026228,23,11,0.004862849275204401,0.004862849275204401,0.0007361449246595749,matched,[],[],[11],0,
yolo11n,215,21.483333304851165,0,"[368.363037109375, 93.816650390625, 396.9801025390625, 181.43038940429688]",382.67156982421875,137.62351989746094,28.6170654296875,87.61373901367188,0.7096467614173889,7.278295993804932,True,5.940113232533137,-0.1649773916663193,11,0.023912415670026867,5.957545421059077,-0.148609055575799,24,11,0.023912415670026867,0.023912415670026867,0.01775126616842988,matched,[],[],[11],0,
yolo11n,216,21.583333304851166,0,"[369.4862976074219, 93.18949890136719, 398.6325378417969, 182.0299835205078]",384.0594177246094,137.6097412109375,29.146240234375,88.84048461914062,0.721836268901825,7.2721266746521,True,5.969616889953613,-0.1567474379379643,11,0.005461351423386657,5.9736865995149975,-0.1531054846906387,25,11,0.005461351423386657,0.005461351423386657,0.0009241094156422459,matched,[],[],[11],0,
yolo11n,217,21.683333304851164,0,"[370.1378173828125, 93.16719055175781, 399.4439697265625, 182.3585662841797]",384.7908935546875,137.76287841796875,29.30615234375,89.19137573242188,0.7316055297851562,7.299139499664307,True,5.988425140579541,-0.16350497543306997,11,0.010860580380303537,5.993626405380407,-0.15397087606982096,26,11,0.010860580380303537,0.010860580380303537,0.0036495319207531145,matched,[],[],[11],0,
yolo11n,218,21.783333304851165,0,"[371.3384704589844, 93.76478576660156, 401.4268493652344, 181.9866180419922]",386.3826599121094,137.87570190429688,30.08837890625,88.22183227539062,0.6688469648361206,7.312018871307373,True,6.005402594804764,-0.15497095346046486,11,0.0078392583111815,6.0129307387872135,-0.15715750761001943,27,11,0.0078392583111815,0.0078392583111815,0.0018997136871462478,matched,[],[],[11],0,
yolo11n,219,21.883333304851167,0,"[372.62506103515625, 95.06875610351562, 402.69122314453125, 181.55233764648438]",387.65814208984375,138.310546875,30.066162109375,86.48358154296875,0.5194050073623657,7.323183059692383,True,6.03745093345642,-0.14757343193345296,11,0.011082899146231678,6.031106130687612,-0.1566604628737803,28,11,0.011082899146231678,0.011082899146231678,0.0037948373640872336,matched,[],[],[11],0,
yolo11n,220,21.983333304851165,0,"[373.60101318359375, 95.8685531616211, 403.2540283203125, 181.24264526367188]",388.4275207519531,138.55559921264648,29.65301513671875,85.37409210205078,0.6523638963699341,7.326894760131836,True,6.0379767576853425,-0.14511401590106754,11,0.01798659836535619,6.0538598159710455,-0.1535547611436154,29,11,0.01798659836535619,0.01798659836535619,0.00999143616189611,matched,[],[],[11],0,
yolo11n,221,22.083333304851166,0,"[375.01226806640625, 95.51860046386719, 404.53656005859375, 178.4922332763672]",389.7744140625,137.0054168701172,29.5242919921875,82.9736328125,0.5474321842193604,7.319973945617676,True,6.067496200402577,-0.13729043864116353,11,0.012967033874456446,6.068951561111353,-0.15017554216067988,30,11,0.012967033874456446,0.012967033874456446,0.005191775333021584,matched,[13],[],"[11, 13]",1,0.693870992236974
yolo11n,221,22.083333304851166,1,"[377.89337158203125, 95.26081085205078, 404.76702880859375, 159.88409423828125]",391.3302001953125,127.57245254516602,26.8736572265625,64.62328338623047,0.2927531599998474,7.199261665344238,True,6.064890787998834,-0.11374007984107148,11,0.03666105280423571,6.068951561111353,-0.15017554216067988,30,,,,,new_birth,[13],[],"[11, 13]",1,0.693870992236974
yolo11n,222,22.199999971851167,0,"[375.7373962402344, 95.37894439697266, 406.6476135253906, 181.05953979492188]",391.1925048828125,138.21924209594727,30.91021728515625,85.68059539794922,0.7572262287139893,7.341172695159912,True,6.085881794492403,-0.13565328950618838,11,0.010548978636315907,6.0916739375394195,-0.1444698664605595,31,11,0.010548978636315907,0.010548978636315907,0.003371244470454836,matched,[14],[],"[11, 14]",0,0.44430326687248634
yolo11n,222,22.199999971851167,1,"[375.8974609375, 95.3662109375, 436.86572265625, 192.40399169921875]",406.381591796875,143.88510131835938,60.96826171875,97.03778076171875,0.3153260052204132,9.154020309448242,True,6.7354496836662285,0.9569304429764438,13,1.2633228411570048,6.064890787998834,-0.11374007984107148,2,,,,,new_birth,[14],[],"[11, 14]",0,0.44430326687248634
yolo11n,223,22.283333304851165,0,"[376.9129638671875, 97.080810546875, 408.08416748046875, 181.26229858398438]",392.4985656738281,139.1715545654297,31.17120361328125,84.18148803710938,0.7546977400779724,7.350796699523926,True,6.1026195049285885,-0.1417379547533768,11,0.003901299651729593,6.106098094641357,-0.13997172923470566,32,11,0.003901299651729593,0.003901299651729593,0.00047251793975337754,matched,[],[],[11],0,
yolo11n,224,22.383333304851167,0,"[377.28216552734375, 97.09947967529297, 409.24627685546875, 180.196044921875]",393.26422119140625,138.64776229858398,31.964111328125,83.09656524658203,0.7982922792434692,7.360331058502197,True,6.119383681813876,-0.135436540601507,11,0.0058986481602411305,6.124380165000271,-0.13857169703881392,33,11,0.0058986481602411305,0.0058986481602411305,0.001077998554278692,matched,[],[],[11],0,
yolo11n,225,22.483333304851165,0,"[379.11004638671875, 97.13573455810547, 410.51971435546875, 179.928955078125]",394.81488037109375,138.53234481811523,31.40966796875,82.79322052001953,0.7501146197319031,7.360409736633301,True,6.134729834397634,-0.12914557111757397,11,0.009607704108546394,6.141921539524252,-0.1355163917561694,34,11,0.009607704108546394,0.009607704108546394,0.002855675351498761,matched,[],[],[11],0,
yolo11n,226,22.583333304851166,0,"[380.42547607421875, 97.76396942138672, 411.53778076171875, 181.07916259765625]",395.98162841796875,139.42156600952148,31.1123046875,83.31519317626953,0.7346148490905762,7.362510681152344,True,6.165730857849121,-0.13399599226001246,11,0.007881777304669883,6.1583919954423845,-0.13112135975212472,35,11,0.007881777304669883,0.007881777304669883,0.0019199219531145619,matched,[],[],[11],0,
yolo11n,227,22.683333304851164,0,"[381.7078552246094, 97.66377258300781, 412.0868835449219, 181.31394958496094]",396.8973693847656,139.48886108398438,30.3790283203125,83.65017700195312,0.7433086633682251,7.395397186279297,True,6.18634496529897,-0.12479801497425136,11,0.008263195387232218,6.179691280368729,-0.12969790016236196,36,11,0.008263195387232218,0.008263195387232218,0.0021089157661079512,matched,[],[13],[11],0,
yolo11n,228,22.783333304851165,0,"[381.7646484375, 97.89567565917969, 413.921142578125, 182.2042694091797]",397.8428955078125,140.0499725341797,32.156494140625,84.30859375,0.6580959558486938,7.421467304229736,True,6.205988436937332,-0.10761204272956348,11,0.018656845207042822,6.201154400686688,-0.12563175323242717,37,11,0.018656845207042822,0.018656845207042822,0.01074688746018413,matched,[],[14],[11],0,
yolo11n,229,22.883333304851167,0,"[383.8779602050781, 97.16058349609375, 415.6194152832031, 181.53207397460938]",399.7486877441406,139.34632873535156,31.741455078125,84.37149047851562,0.7465000152587891,7.40437126159668,True,6.21863610347112,-0.1188821150301278,11,0.00436643395763643,6.222332243942715,-0.11655740190360263,38,11,0.00436643395763643,0.00436643395763643,0.0005885430944326208,matched,[],[],[11],0,
yolo11n,230,22.999999971851167,0,"[386.34405517578125, 96.22875213623047, 417.98358154296875, 182.47857666015625]",402.163818359375,139.35366439819336,31.6395263671875,86.24982452392578,0.6948838829994202,7.365942001342773,True,6.25834842522939,-0.12548451731403798,11,0.018894917830354144,6.243949281083414,-0.11325003458368778,39,11,0.018894917830354144,0.018894917830354144,0.010813456631801782,matched,[],[],[11],0,
yolo11n,231,23.083333304851166,0,"[386.365478515625, 96.04507446289062, 419.05029296875, 182.08401489257812]",402.7078857421875,139.06454467773438,32.684814453125,86.0389404296875,0.749627947807312,7.368580341339111,True,6.2741503506898875,-0.11749266325882246,11,0.009060994574603716,6.265477853724472,-0.11486789297061421,40,11,0.009060994574603716,0.009060994574603716,0.002548510288917644,matched,[],[],[11],0,
yolo11n,232,23.183333304851164,0,"[388.5917053222656, 93.61106872558594, 420.5852355957031, 179.07432556152344]",404.5884704589844,136.3426971435547,31.9935302734375,85.4632568359375,0.6569913625717163,7.328274726867676,True,6.282448077201843,-0.11935271010741655,11,0.009006639908840198,6.288900439761485,-0.11306887530321932,41,11,0.009006639908840198,0.009006639908840198,0.002513001045081859,matched,[15],[],"[11, 15]",1,0.6377409017215536
yolo11n,232,23.183333304851164,1,"[393.4764404296875, 93.85116577148438, 420.3101806640625, 158.83489990234375]",406.893310546875,126.34303283691406,26.833740234375,64.98373413085938,0.5159192085266113,7.156352519989014,True,6.28963436037302,-0.12466522921505341,11,0.011619555220082452,6.288900439761485,-0.11306887530321932,41,,,,,new_birth,[15],[],"[11, 15]",1,0.6377409017215536
yolo11n,233,23.283333304851165,0,"[388.80157470703125, 91.86507415771484, 421.20355224609375, 179.34658813476562]",405.0025634765625,135.60583114624023,32.4019775390625,87.48151397705078,0.7006583213806152,7.336556434631348,True,6.299181868632634,-0.11383707429149226,11,0.008288719477393208,6.307396224196533,-0.11272926869267982,42,11,0.008288719477393208,0.008288719477393208,0.0021252696795049683,matched,[],[],"[11, 15]",1,0.6658065745715309
yolo11n,233,23.283333304851165,1,"[392.79608154296875, 92.2795181274414, 421.23687744140625, 158.76742553710938]",407.0164794921875,125.52347183227539,28.4407958984375,66.48790740966797,0.39634618163108826,7.160353183746338,True,6.290355313320954,-0.10980094992161948,15,0.014881752990368556,6.28963436037302,-0.12466522921505341,2,15,0.014881752990368556,0.014881752990368556,0.004024835475989865,matched,[],[],"[11, 15]",1,0.6658065745715309
yolo11n,234,23.383333304851167,0,"[388.6654052734375, 97.62741088867188, 422.26727294921875, 178.24301147460938]",405.4663391113281,137.93521118164062,33.60186767578125,80.6156005859375,0.6200584173202515,7.4012627601623535,True,6.326059577862421,-0.09583691109287251,11,0.015092100064700227,6.324894610779875,-0.11088398177322453,43,11,0.015092100064700227,0.015092100064700227,0.007039081401162756,matched,[],[],[11],0,
yolo11n,235,23.483333304851165,0,"[389.3095397949219, 101.94420623779297, 425.0713195800781, 179.4569091796875]",407.1904296875,140.70055770874023,35.76177978515625,77.51270294189453,0.7272376418113708,7.46473503112793,True,6.352983224391937,-0.09174384352106912,11,0.013857195048314641,6.345309590648175,-0.10328235294705798,44,11,0.013857195048314641,0.013857195048314641,0.005930664927847326,matched,[],[],[11],0,
yolo11n,236,23.583333304851166,0,"[389.0785827636719, 102.40261840820312, 427.3484802246094, 180.34768676757812]",408.2135314941406,141.37515258789062,38.2698974609375,77.945068359375,0.7835097312927246,7.4976301193237305,True,6.374565521876017,-0.08282503940105101,11,0.014752902589148294,6.368137052337166,-0.09610370327182367,45,11,0.014752902589148294,0.014752902589148294,0.0067197938010993075,matched,[],[],[11],0,
yolo11n,237,23.699999971851167,0,"[390.6251220703125, 103.05848693847656, 427.7327880859375, 182.21217346191406]",409.178955078125,142.6353302001953,37.107666015625,79.1536865234375,0.7889545559883118,7.522850036621094,True,6.394861777623494,-0.07903836799212893,11,0.007894513154364954,6.394417347768992,-0.08692036139791585,46,11,0.007894513154364954,0.007894513154364954,0.001887813085141608,matched,[],[],[11],0,
yolo11n,238,23.799999971851165,0,"[392.4573974609375, 103.78764343261719, 429.26568603515625, 180.95289611816406]",410.8615417480469,142.37026977539062,36.80828857421875,77.16525268554688,0.8341383337974548,7.5070953369140625,True,6.423220157623291,-0.08934407293170654,11,0.012509827466782876,6.415428236981851,-0.07955725751676271,47,11,0.012509827466782876,0.012509827466782876,0.004767943254058996,matched,[],[],[11],0,
yolo11n,239,23.899999971851166,0,"[394.1371765136719, 104.53607177734375, 429.7381896972656, 182.24810791015625]",411.93768310546875,143.39208984375,35.60101318359375,77.7120361328125,0.8021970987319946,7.519285202026367,True,6.441196330388387,-0.09411752976871934,11,0.015901789496016585,6.439194073063943,-0.07834229998331414,48,11,0.015901789496016585,0.015901789496016585,0.007734314034157903,matched,[],[15],[11],0,
yolo11n,240,23.983333304851165,0,"[395.1676025390625, 104.3584976196289, 429.296630859375, 184.08004760742188]",412.23211669921875,144.2192726135254,34.1290283203125,79.72154998779297,0.7372093796730042,7.534256935119629,True,6.444065912564595,-0.09712203110397954,11,0.021537515173517527,6.457675834547247,-0.0804296800569998,49,11,0.021537515173517527,0.021537515173517527,0.014490639249753834,matched,[],[],[11],0,
yolo11n,241,24.083333304851166,0,"[396.8699951171875, 104.17334747314453, 430.340087890625, 183.47320556640625]",413.60504150390625,143.8232765197754,33.4700927734375,79.29985809326172,0.6890006065368652,7.503203868865967,True,6.45374574959278,-0.1046096348465122,11,0.02991649369257689,6.474324325123844,-0.08289515064885468,50,11,0.02991649369257689,0.02991649369257689,0.027852240873618515,matched,[],[],[11],0,
yolo11n,242,24.183333304851164,0,"[396.93988037109375, 104.45193481445312, 430.88958740234375, 186.09921264648438]",413.91473388671875,145.27557373046875,33.94970703125,81.64727783203125,0.7732651233673096,7.545310020446777,True,6.477623212337494,-0.10272069110655391,11,0.017771999829986763,6.4877228235604045,-0.08809735936911789,51,11,0.017771999829986763,0.017771999829986763,0.009802386144701337,matched,[],[],[11],0,
yolo11n,243,24.299999971851165,0,"[397.9295654296875, 104.0939712524414, 431.89697265625, 185.21603393554688]",414.91326904296875,144.65500259399414,33.9674072265625,81.12206268310547,0.7455024123191833,7.533478736877441,True,6.491001000006993,-0.0976284395062832,11,0.016852152569414133,6.506857342062366,-0.0919212981162502,52,11,0.016852152569414133,0.016852152569414133,0.008633684477980068,matched,[],[],[11],0,
yolo11n,244,24.383333304851167,0,"[398.4297790527344, 104.59651184082031, 432.9939270019531, 185.93528747558594]",415.71185302734375,145.26589965820312,34.56414794921875,81.33877563476562,0.7800483703613281,7.550927639007568,True,6.5101855278015135,-0.09907457887677662,11,0.00870067072816412,6.516930464507721,-0.09357844387577895,53,11,0.00870067072816412,0.00870067072816412,0.0023551980329857445,matched,[],[],[11],0,
yolo11n,245,24.483333304851165,0,"[400.0354309082031, 104.57137298583984, 434.2763977050781, 186.15628051757812]",417.1559143066406,145.36382675170898,34.240966796875,81.58490753173828,0.6611836552619934,7.55043888092041,True,6.525817857185999,-0.09939180704378447,11,0.007926637044372317,6.532638101372452,-0.09535251947413038,54,11,0.007926637044372317,0.007926637044372317,0.001949353009097458,matched,[],[],[11],0,
yolo11n,246,24.583333304851166,0,"[401.15582275390625, 104.737060546875, 435.93890380859375, 185.66256713867188]",418.54736328125,145.19981384277344,34.7830810546875,80.92550659179688,0.6763631105422974,7.5537214279174805,True,6.55795504450798,-0.09726127172506871,11,0.01002680239028802,6.5479340516410325,-0.09691999744465903,55,11,0.01002680239028802,0.01002680239028802,0.003113047735445973,matched,[],[],[11],0,
yolo11n,247,24.683333304851164,0,"[402.90045166015625, 104.45954895019531, 436.765869140625, 183.2229766845703]",419.8331604003906,143.8412628173828,33.86541748046875,78.763427734375,0.7234101295471191,7.525845527648926,True,6.567884484926859,-0.10259571015828506,11,0.005300380515610623,6.568883147335066,-0.09739026041741751,56,11,0.005300380515610623,0.005300380515610623,0.0008687788883613067,matched,[],[],[11],0,
yolo11n,248,24.783333304851165,0,"[404.28533935546875, 104.44989776611328, 438.06903076171875, 184.21746826171875]",421.17718505859375,144.33368301391602,33.78369140625,79.76757049560547,0.7155070900917053,7.543860912322998,True,6.587354066967964,-0.09087229358511628,11,0.008805156163464911,6.586433656780528,-0.09962921200142395,57,11,0.008805156163464911,0.008805156163464911,0.002395603054411609,matched,[],[],[11],0,
yolo11n,249,24.883333304851167,0,"[404.89569091796875, 104.17742156982422, 439.97235107421875, 185.09307861328125]",422.43402099609375,144.63525009155273,35.07666015625,80.91565704345703,0.588243305683136,7.530792236328125,True,6.615982500712076,-0.09937666557158575,11,0.011582968745775917,6.604619580143597,-0.09712962282164721,58,11,0.011582968745775917,0.011582968745775917,0.004143538426310997,matched,[],[],[11],0,
yolo11n,250,24.999999971851167,0,"[405.7173156738281, 104.11216735839844, 441.4385070800781, 186.81150817871094]",423.5779113769531,145.4618377685547,35.72119140625,82.6993408203125,0.6636732220649719,7.553079605102539,True,6.636500581105549,-0.09767784646925648,11,0.006805255213484699,6.629712310453739,-0.09815834629072206,59,11,0.006805255213484699,0.006805255213484699,0.0014031207375666919,matched,[],[],[11],0,
yolo11n,251,25.083333304851166,0,"[405.4864501953125, 104.6574478149414, 442.68328857421875, 185.99343872070312]",424.0848693847656,145.32544326782227,37.19683837890625,81.33599090576172,0.777094841003418,7.5734477043151855,True,6.656691685318947,-0.08445794290462061,11,0.01647394383242821,6.647647592340478,-0.09822730046373758,60,11,0.01647394383242821,0.01647394383242821,0.008425738754557032,matched,[],[],[11],0,
yolo11n,252,25.183333304851164,0,"[406.2287902832031, 104.2705078125, 443.7204895019531, 187.25335693359375]",424.9746398925781,145.76193237304688,37.49169921875,82.98284912109375,0.8123496174812317,7.599380970001221,True,6.678196630875269,-0.08050903338319682,11,0.015540989628745528,6.6698001127038875,-0.09358652707420786,61,11,0.015540989628745528,0.015540989628745528,0.007483003948618255,matched,[],[],[11],0,
yolo11n,253,25.299999971851165,0,"[408.19354248046875, 104.25102996826172, 444.807861328125, 186.3472900390625]",426.5007019042969,145.2991600036621,36.61431884765625,82.09626007080078,0.8024992346763611,7.572682857513428,True,6.688077220320701,-0.08495436629962683,11,0.008150019710083833,6.695548227644185,-0.08821118542988353,62,11,0.008150019710083833,0.008150019710083833,0.0020165067904838966,matched,[],[],[11],0,
yolo11n,254,25.383333304851167,0,"[408.9820556640625, 104.50650787353516, 445.91400146484375, 186.60726928710938]",427.4480285644531,145.55688858032227,36.93194580078125,82.10076141357422,0.8180912733078003,7.577968597412109,True,6.705042934417724,-0.09437042208601198,11,0.009423880349557618,6.709395545307812,-0.08601193542380646,63,11,0.009423880349557618,0.009423880349557618,0.0027602413156217636,matched,[],[],[11],0,
yolo11n,255,25.483333304851165,0,"[409.478515625, 104.57241821289062, 447.1558837890625, 187.54800415039062]",428.31719970703125,146.06021118164062,37.6773681640625,82.9755859375,0.8000940084457397,7.617406368255615,True,6.729786029458046,-0.08175383697551286,11,0.006335440614411796,6.727305923656841,-0.08758366398783238,64,11,0.006335440614411796,0.006335440614411796,0.0012442689903384122,matched,[],[],[11],0,
yolo11n,256,25.583333304851166,0,"[411.0696716308594, 104.11969757080078, 448.4570007324219, 186.88580322265625]",429.7633361816406,145.50275039672852,37.3873291015625,82.76610565185547,0.822928786277771,7.587657928466797,True,6.754645895957946,-0.08809799321525791,11,0.00805398844948157,6.747412354231551,-0.08455643931380594,65,11,0.00805398844948157,0.00805398844948157,0.002007250709358077,matched,[],[],[11],0,
yolo11n,257,25.683333304851164,0,"[412.6954040527344, 103.99765014648438, 449.9554748535156, 186.31878662109375]",431.325439453125,145.15821838378906,37.26007080078125,82.32113647460938,0.7877522110939026,7.581625461578369,True,6.769045941034952,-0.07915017406150948,11,0.00542419583252314,6.7693668295111316,-0.08456486989926591,66,11,0.00542419583252314,0.00542419583252314,0.0009093830647580635,matched,[],[],[11],0,
yolo11n,258,25.783333304851165,0,"[413.8502197265625, 104.37873077392578, 451.9014892578125, 186.20013427734375]",432.8758544921875,145.28943252563477,38.05126953125,81.82140350341797,0.7440417408943176,7.572057247161865,True,6.782588476936022,-0.0853604183533978,11,0.0074668385334561585,6.789008530444794,-0.08154773024273222,67,11,0.0074668385334561585,0.0074668385334561585,0.0017220632363249696,matched,[],[],[11],0,
yolo11n,259,25.883333304851167,0,"[415.836181640625, 104.47183990478516, 452.501953125, 185.97720336914062]",434.1690673828125,145.2245216369629,36.665771484375,81.50536346435547,0.7654069066047668,7.577939510345459,True,6.815548007686933,-0.08154253867709382,11,0.009115169654994822,6.806432845986405,-0.08155458079405738,68,11,0.009115169654994822,0.009115169654994822,0.002565315866708156,matched,[],[],[11],0,
yolo11n,260,25.983333304851165,0,"[416.9168701171875, 104.32069396972656, 453.3394775390625, 184.33335876464844]",435.128173828125,144.3270263671875,36.422607421875,80.01266479492188,0.6991870999336243,7.569881439208984,True,6.829388014475504,-0.08677262530564978,11,0.006384850104277117,6.829104952249575,-0.08039405284542486,69,11,0.006384850104277117,0.006384850104277117,0.0012584400451361106,matched,[],[],[11],0,
yolo11n,261,26.083333304851166,0,"[417.87481689453125, 104.30618286132812, 454.96112060546875, 184.71734619140625]",436.41796875,144.5117645263672,37.0863037109375,80.41116333007812,0.6901048421859741,7.57582950592041,True,6.846608442068099,-0.08291203588588392,11,0.0028412348111767436,6.849096332142381,-0.08153980477177261,70,11,0.0028412348111767436,0.0028412348111767436,0.0002491793370383471,matched,[],[],[11],0,
yolo11n,262,26.183333304851164,0,"[419.13580322265625, 104.32371520996094, 456.89276123046875, 185.49879455566406]",438.0142822265625,144.9112548828125,37.7569580078125,81.17507934570312,0.7067679762840271,7.576867580413818,True,6.862646613518397,-0.08223827420824836,11,0.005548307436862557,6.868103043597086,-0.08123274638152023,71,11,0.005548307436862557,0.005548307436862557,0.0009501853045213068,matched,[],[],[11],0,
yolo11n,263,26.283333304851165,0,"[419.83203125, 103.99388122558594, 458.6619873046875, 184.0896453857422]",439.24700927734375,144.04176330566406,38.8299560546875,80.09576416015625,0.6209263801574707,7.580999374389648,True,6.895249843597412,-0.0795565356061756,11,0.009441815939869458,6.885899766632862,-0.08086952798976657,72,11,0.009441815939869458,0.009441815939869458,0.002751672058347791,matched,[],[],[11],0,
yolo11n,264,26.383333304851167,0,"[420.8478088378906, 104.13473510742188, 459.3011169433594, 185.9537353515625]",440.074462890625,145.0442352294922,38.45330810546875,81.81900024414062,0.819969654083252,7.598268985748291,True,6.915396973490715,-0.06834770387492384,11,0.013182186881878015,6.908739227738243,-0.07972507055110155,73,11,0.013182186881878015,0.013182186881878015,0.005363651923372005,matched,[],[],[11],0,
yolo11n,265,26.483333304851165,0,"[421.82940673828125, 104.57818603515625, 460.27337646484375, 185.39520263671875]",441.0513916015625,144.9866943359375,38.4439697265625,80.8170166015625,0.8414754271507263,7.602739334106445,True,6.932362914085388,-0.0654462267376541,11,0.009508603231440033,6.931125910404304,-0.07487402379242439,74,11,0.009508603231440033,0.009508603231440033,0.0027907309994808943,matched,[],[],[11],0,
yolo11n,266,26.583333304851166,0,"[422.4962158203125, 104.12928771972656, 461.25439453125, 185.60813903808594]",441.87530517578125,144.86871337890625,38.7581787109375,81.47885131835938,0.8449534177780151,7.60463285446167,True,6.948687168955803,-0.07710920407303412,11,0.007725583999750751,6.951925224887852,-0.07009495843161778,75,11,0.007725583999750751,0.007725583999750751,0.0018422318632602235,matched,[],[],[11],0,
yolo11n,267,26.683333304851164,0,"[422.9616394042969, 104.5262451171875, 463.1737365722656, 185.79733276367188]",443.06768798828125,145.1617889404297,40.21209716796875,81.27108764648438,0.8231949210166931,7.606260299682617,True,6.9649505774180085,-0.07605567062146523,11,0.00819459386512294,6.971177508197408,-0.07072869195782468,76,11,0.00819459386512294,0.00819459386512294,0.0020726805858976645,matched,[],[],[11],0,
yolo11n,268,26.783333304851165,0,"[424.3525085449219, 104.16593170166016, 464.1983947753906, 185.70596313476562]",444.27545166015625,144.9359474182129,39.84588623046875,81.54003143310547,0.8161700367927551,7.609403610229492,True,6.981615523497263,-0.07402083542874927,11,0.008084792397250174,6.9891707320717815,-0.07114286887193245,77,11,0.008084792397250174,0.008084792397250174,0.0020174863454662383,matched,[],[],[11],0,
yolo11n,269,26.883333304851167,0,"[425.09912109375, 103.93163299560547, 466.8250732421875, 185.28564453125]",445.96209716796875,144.60863876342773,41.7259521484375,81.35401153564453,0.8123655915260315,7.590706825256348,True,7.0083745141824085,-0.07325591997305203,11,0.0030621988854130948,7.006338403274194,-0.07096871329606043,78,11,0.0030621988854130948,0.0030621988854130948,0.0002894244035782454,matched,[],[],[11],0,
yolo11n,270,26.983333304851165,0,"[425.97076416015625, 103.91244506835938, 467.68524169921875, 185.51681518554688]",446.8280029296875,144.71463012695312,41.7144775390625,81.6043701171875,0.818555474281311,7.5997138023376465,True,7.026590347290039,-0.06740994646415821,11,0.0033314406757908727,7.026549604263101,-0.07074113799003448,79,11,0.0033314406757908727,0.0033314406757908727,0.0003425536596790779,matched,[],[],[11],0,
yolo11n,271,27.083333304851166,0,"[427.394775390625, 104.29742431640625, 467.908935546875, 186.10968017578125]",447.65185546875,145.20355224609375,40.51416015625,81.812255859375,0.7742211818695068,7.627411842346191,True,7.041921711961428,-0.06236313125882287,11,0.007546792362921281,7.0461534158161285,-0.06861187172832221,80,11,0.007546792362921281,0.007546792362921281,0.0017578674108904117,matched,[],[],[11],0,
yolo11n,272,27.183333304851164,0,"[427.39093017578125, 103.8901138305664, 469.18109130859375, 185.81820678710938]",448.2860107421875,144.8541603088379,41.7901611328125,81.92809295654297,0.8156254887580872,7.636260032653809,True,7.0681537588437395,-0.05663521835893537,11,0.009466334317074396,7.064216712247828,-0.06524400163558026,81,11,0.009466334317074396,0.009466334317074396,0.002765812021923948,matched,[],[],[11],0,
yolo11n,273,27.283333304851165,0,"[428.93829345703125, 104.144287109375, 470.58258056640625, 186.65335083007812]",449.76043701171875,145.39881896972656,41.644287109375,82.50906372070312,0.7996824383735657,7.6270294189453125,True,7.081543445587158,-0.06261069464240254,11,0.003956151324170447,7.084994669982508,-0.060676739246670774,82,11,0.003956151324170447,0.003956151324170447,0.0004830623127040513,matched,[],[],[11],0,
yolo11n,274,27.383333304851167,0,"[429.8076477050781, 104.16637420654297, 471.9049377441406, 186.11083984375]",450.8562927246094,145.13860702514648,42.0972900390625,81.94446563720703,0.8228590488433838,7.63130521774292,True,7.0986089348793024,-0.05984273845716359,11,0.004731790381929488,7.103323404942965,-0.05943824836167289,83,11,0.004731790381929488,0.004731790381929488,0.0006910465609398522,matched,[],[],[11],0,
yolo11n,275,27.483333304851165,0,"[430.951171875, 104.04034423828125, 473.617919921875, 185.80197143554688]",452.2845458984375,144.92115783691406,42.666748046875,81.76162719726562,0.8211619853973389,7.637241363525391,True,7.1161522944768265,-0.05599994972625755,11,0.0051595667075958985,7.12100423034582,-0.05775489899427293,84,11,0.0051595667075958985,0.0051595667075958985,0.0008216410809373921,matched,[],[],[11],0,
yolo11n,276,27.599999971851165,0,"[433.8477478027344, 104.36105346679688, 474.6905212402344, 185.55465698242188]",454.2691345214844,144.95785522460938,40.8427734375,81.193603515625,0.8304651975631714,7.617666721343994,True,7.142468765377998,-0.0686716759847874,11,0.01370804426696011,7.141515461676779,-0.05499681987299673,85,11,0.01370804426696011,0.01370804426696011,0.005691064350804457,matched,[],[],[11],0,
yolo11n,277,27.683333304851164,0,"[434.86029052734375, 104.10374450683594, 475.93768310546875, 185.1154022216797]",455.39898681640625,144.6095733642578,41.077392578125,81.01165771484375,0.8688255548477173,7.609699249267578,True,7.156081453959146,-0.0609288976394593,11,0.0029144360632650697,7.157574999807679,-0.058426247371205435,86,11,0.0029144360632650697,0.0029144360632650697,0.0002636486372716875,matched,[],[],[11],0,
yolo11n,278,27.799999971851165,0,"[435.7744445800781, 104.00039672851562, 476.9425354003906, 184.77789306640625]",456.3584899902344,144.38914489746094,41.1680908203125,80.77749633789062,0.8782657980918884,7.616678714752197,True,7.173927049835522,-0.05639887941458355,11,0.005415796510753947,7.179086986988855,-0.058043841547750205,87,11,0.005415796510753947,0.005415796510753947,0.0008916733607563832,matched,[],[],[11],0,
yolo11n,279,27.883333304851167,0,"[436.5745849609375, 104.0299072265625, 478.3873291015625, 184.82504272460938]",457.48095703125,144.42747497558594,41.812744140625,80.79513549804688,0.8356432318687439,7.628258228302002,True,7.193124240636825,-0.048883202529095726,11,0.007752889258760691,7.192896124064013,-0.05663273507550232,88,11,0.007752889258760691,0.007752889258760691,0.0018697395664241062,matched,[],[],[11],0,
yolo11n,280,27.983333304851165,0,"[436.73309326171875, 103.88134002685547, 479.39764404296875, 184.83782958984375]",458.06536865234375,144.3595848083496,42.66455078125,80.95648956298828,0.86367267370224,7.633380889892578,True,7.210499882698059,-0.05849904343381773,11,0.005774540566135438,7.211504629531724,-0.052812585612802644,89,11,0.005774540566135438,0.005774540566135438,0.0010342239293440246,matched,[],[],[11],0,
yolo11n,281,28.083333304851166,0,"[439.00750732421875, 103.69388580322266, 480.7186279296875, 185.08523559570312]",459.8630676269531,144.3895606994629,41.71112060546875,81.39134979248047,0.873949408531189,7.615353107452393,True,7.237009975314139,-0.057259264101688245,11,0.008302192067809813,7.229685596375465,-0.05335031714713454,90,11,0.008302192067809813,0.008302192067809813,0.002133437153655239,matched,[],[],[11],0,
yolo11n,282,28.183333304851164,0,"[440.12493896484375, 103.62808227539062, 482.25152587890625, 185.18466186523438]",461.188232421875,144.4063720703125,42.1265869140625,81.55657958984375,0.859513521194458,7.623660087585449,True,7.255332775910695,-0.051867623226129034,11,0.00484329030465768,7.250799767266092,-0.05357328837590146,91,11,0.00484329030465768,0.00484329030465768,0.0007251129461435998,matched,[],[],[11],0,
yolo11n,283,28.283333304851165,0,"[441.00958251953125, 103.4376220703125, 483.18292236328125, 185.39923095703125]",462.09625244140625,144.41842651367188,42.17333984375,81.96160888671875,0.8703377842903137,7.631166934967041,True,7.273451816042264,-0.04699530807177954,11,0.005434708450213112,7.271322507896009,-0.05199551834306941,92,11,0.005434708450213112,0.005434708450213112,0.0009123041857869674,matched,[],[],[11],0,
yolo11n,284,28.383333304851167,0,"[441.9000549316406, 103.45184326171875, 484.3210144042969, 185.24746704101562]",463.11053466796875,144.3496551513672,42.42095947265625,81.79562377929688,0.868834376335144,7.63283634185791,True,7.289850902557372,-0.04591178044963762,11,0.0035060607427103573,7.291232860265658,-0.049133993171368635,93,11,0.0035060607427103573,0.0035060607427103573,0.00037952875788192444,matched,[],[],[11],0,
yolo11n,285,28.483333304851165,0,"[441.94000244140625, 104.26461029052734, 486.11883544921875, 185.96243286132812]",464.0294189453125,145.11352157592773,44.1788330078125,81.69782257080078,0.8396161198616028,7.644089698791504,True,7.325077283382415,-0.051566651328532664,11,0.01586818049169513,7.30999498304443,-0.046634778597829586,94,11,0.01586818049169513,0.01586818049169513,0.007772748930400171,matched,[],[],[11],0,
yolo11n,286,28.599999971851165,0,"[443.0147705078125, 104.187744140625, 487.31396484375, 185.96771240234375]",465.16436767578125,145.07772827148438,44.2991943359375,81.77996826171875,0.8208339810371399,7.651317596435547,True,7.3432160139083855,-0.046887641642366695,11,0.005258618353247544,7.33796100133108,-0.046692937257532506,95,11,0.005258618353247544,0.005258618353247544,0.0008375665079032492,matched,[],[],[11],0,
yolo11n,287,28.683333304851164,0,"[443.8669128417969, 104.21124267578125, 488.2637023925781, 185.62600708007812]",466.0653076171875,144.9186248779297,44.39678955078125,81.41476440429688,0.8185852766036987,7.655075550079346,True,7.360314961274464,-0.044454914677286794,11,0.003952709667533276,7.35657351404307,-0.04572986029593327,96,11,0.003952709667533276,0.003952709667533276,0.000484987425321146,matched,[],[],[11],0,
yolo11n,288,28.783333304851165,0,"[444.73236083984375, 103.87753295898438, 489.94000244140625, 185.77728271484375]",467.336181640625,144.82740783691406,45.2076416015625,81.89974975585938,0.812781572341919,7.654930591583252,True,7.376218037803968,-0.04454875416432991,11,0.002077707874977117,7.378233809851332,-0.04404523349265077,97,11,0.002077707874977117,0.002077707874977117,0.00013373543724075912,matched,[],[],[11],0,
yolo11n,289,28.883333304851167,0,"[447.0224304199219, 103.86685180664062, 491.0558776855469, 185.51815795898438]",469.0391540527344,144.6925048828125,44.033447265625,81.65130615234375,0.8296827673912048,7.6391448974609375,True,7.403147665659587,-0.04181721591352261,11,0.00522283236975688,7.398043765364022,-0.042925448621719715,98,11,0.00522283236975688,0.00522283236975688,0.0008438473739810742,matched,[],[],[11],0,
yolo11n,290,28.999999971851167,0,"[448.07476806640625, 103.6248779296875, 492.38446044921875, 185.00839233398438]",470.2296142578125,144.31663513183594,44.3096923828125,81.38351440429688,0.8380334973335266,7.639212608337402,True,7.419083992640177,-0.04177326820648464,11,0.004723662498007231,7.423749218353853,-0.041032554742631684,99,11,0.004723662498007231,0.004723662498007231,0.0006766751436376643,matched,[],[],[11],0,
yolo11n,291,29.083333304851166,0,"[446.69891357421875, 103.91445922851562, 494.09014892578125, 186.50393676757812]",470.39453125,145.20919799804688,47.3912353515625,82.5894775390625,0.8300800323486328,7.662104606628418,True,7.442295843362808,-0.03990462560328201,11,0.003014433049925571,7.439295151460634,-0.040192122943637734,100,11,0.003014433049925571,0.003014433049925571,0.0002822463586538125,matched,[],[],[11],0,
yolo11n,292,29.183333304851164,0,"[450.2996826171875, 103.87060546875, 495.22247314453125, 185.74118041992188]",472.7610778808594,144.80589294433594,44.92279052734375,81.87057495117188,0.7495132088661194,7.658622741699219,True,7.4571414629618324,-0.04215862538744819,11,0.004964977994551713,7.460797030207068,-0.03879888810576358,101,11,0.004964977994551713,0.004964977994551713,0.0007639004208475396,matched,[],[],[11],0,
yolo11n,293,29.299999971851165,0,"[451.4552001953125, 103.7491455078125, 496.5496826171875, 185.9322509765625]",474.00244140625,144.8406982421875,45.094482421875,82.18310546875,0.7607545852661133,7.655296802520752,True,7.4720229258139925,-0.04431168598653734,11,0.012848360784983939,7.4834859331438714,-0.038508252708187786,102,11,0.012848360784983939,0.012848360784983939,0.005011784531125108,matched,[],[],[11],0,
yolo11n,294,29.383333304851167,0,"[453.01080322265625, 103.22886657714844, 497.8994140625, 185.6461639404297]",475.4551086425781,144.43751525878906,44.88861083984375,82.41729736328125,0.7453373670578003,7.641773700714111,True,7.499496814608573,-0.04011099261136142,11,0.003226263884756156,7.496297756727492,-0.039692892949107425,103,11,0.003226263884756156,0.003226263884756156,0.0003235036283023397,matched,[],[],[11],0,
yolo11n,295,29.483333304851165,0,"[453.3974609375, 103.24669647216797, 498.833251953125, 185.86370849609375]",476.1153564453125,144.55520248413086,45.435791015625,82.61701202392578,0.7629833817481995,7.647121429443359,True,7.517177470525105,-0.03664005222795108,11,0.0024161285012905837,7.517168866138193,-0.03905616540809694,104,11,0.0024161285012905837,0.0024161285012905837,0.00018096100753300134,matched,[],[],[11],0,
yolo11n,296,29.583333304851166,0,"[454.06671142578125, 103.68970489501953, 500.47027587890625, 185.9322509765625]",477.26849365234375,144.81097793579102,46.403564453125,82.24254608154297,0.8496530055999756,7.663431167602539,True,7.538511574268341,-0.039045870823831486,11,0.0021586433830838945,7.53708108902486,-0.0374292529891176,105,11,0.0021586433830838945,0.0021586433830838945,0.00014418775243741939,matched,[],[],[11],0,
yolo11n,297,29.683333304851164,0,"[456.0182189941406, 103.62480163574219, 502.2842102050781, 186.0242156982422]",479.1512145996094,144.8245086669922,46.2659912109375,82.3994140625,0.7237459421157837,7.657403945922852,True,7.552467981974283,-0.04294761791666257,11,0.007707027030184337,7.557504572344349,-0.037114006420500244,106,11,0.007707027030184337,0.007707027030184337,0.0018358742217912934,matched,[],[],[11],0,
yolo11n,298,29.799999971851165,0,"[457.5013427734375, 104.05165100097656, 503.3607177734375, 186.0370635986328]",480.4310302734375,145.0443572998047,45.859375,81.98541259765625,0.8536895513534546,7.661624908447266,True,7.569836688041686,-0.04021516022158789,11,0.00932103697766593,7.578964683208529,-0.03832798387235238,107,11,0.00932103697766593,0.00932103697766593,0.0026332344328340814,matched,[],[],[11],0,
yolo11n,299,29.899999971851166,0,"[458.85650634765625, 104.14483642578125, 504.36151123046875, 186.276123046875]",481.6090087890625,145.21047973632812,45.5050048828125,82.13128662109375,0.8595090508460999,7.663942813873291,True,7.602547247211138,-0.0387146544764736,11,0.0073071544878319595,7.595241833341718,-0.03855517123119077,108,11,0.0073071544878319595,0.0073071544878319595,0.0016272297880357415,matched,[],[],[11],0,
yolo11n,300,29.999999971851167,0,"[459.8267822265625, 104.21412658691406, 505.8348388671875, 186.19554138183594]",482.830810546875,145.204833984375,46.008056640625,81.98141479492188,0.8374647498130798,7.656719207763672,True,7.616045729319254,-0.04339088601992991,11,0.00526377496234193,7.617136513195974,-0.0382413697913445,109,11,0.00526377496234193,0.00526377496234193,0.0008475851427941136,matched,[],[],[11],0,
yolo11n,301,30.083333304851166,0,"[460.8359069824219, 104.0790023803711, 506.9911804199219, 186.12185668945312]",483.9135437011719,145.1004295349121,46.1552734375,82.04285430908203,0.7233870625495911,7.660053253173828,True,7.633143305778503,-0.0412325778179472,11,0.0014473135053485995,7.633077083763439,-0.03978678010475035,110,11,0.0014473135053485995,0.0014473135053485995,6.544118397604909e-05,matched,[],[],[11],0,
yolo11n,302,30.183333304851164,0,"[461.2785949707031, 103.63651275634766, 508.2736511230469, 185.95870971679688]",484.776123046875,144.79761123657227,46.99505615234375,82.32219696044922,0.8353715538978577,7.666176795959473,True,7.651219475269317,-0.03726847685543522,11,0.003276853497851105,7.652637035951977,-0.040222844902472465,111,11,0.003276853497851105,0.003276853497851105,0.000334173277099451,matched,[],[],[11],0,
yolo11n,303,30.283333304851165,0,"[461.867431640625, 103.36251831054688, 509.9052734375, 185.66976928710938]",485.8863525390625,144.51614379882812,48.037841796875,82.3072509765625,0.8134720325469971,7.658966064453125,True,7.680638122558593,-0.041936373970766994,11,0.009376745181731767,7.6716749309385595,-0.03918236849043548,112,11,0.009376745181731767,0.009376745181731767,0.0027288514969902532,matched,[],[],[11],0,
yolo11n,304,30.383333304851167,0,"[461.39837646484375, 103.62596893310547, 510.72381591796875, 185.56396484375]",486.06109619140625,144.59496688842773,49.325439453125,81.93799591064453,0.7780023217201233,7.665475845336914,True,7.690901416540145,-0.03772224016449055,11,0.004125250957372028,7.694334374145969,-0.04000970547306104,113,11,0.004125250957372028,0.004125250957372028,0.000527183665730676,matched,[],[],[11],0,
yolo11n,305,30.483333304851165,0,"[465.98443603515625, 103.78524017333984, 511.99090576171875, 185.30398559570312]",488.9876708984375,144.54461288452148,46.0064697265625,81.51874542236328,0.8642938733100891,7.657146453857422,True,7.71190603574117,-0.030133315658996906,11,0.009126927835282527,7.713060316799459,-0.03918695840371186,114,11,0.009126927835282527,0.009126927835282527,0.0025772892188957726,matched,[],[],[11],0,
yolo11n,306,30.583333304851166,0,"[466.45611572265625, 103.34953308105469, 513.4924926757812, 184.8328094482422]",489.97430419921875,144.09117126464844,47.036376953125,81.4832763671875,0.8512306213378906,7.6568474769592285,True,7.727751913666724,-0.030327366449936832,11,0.007191983926745943,7.732411806245811,-0.03580550791889684,115,11,0.007191983926745943,0.007191983926745943,0.0015990104250011188,matched,[],[],[11],0,
yolo11n,307,30.683333304851164,0,"[467.6160888671875, 103.1454849243164, 514.9320068359375, 184.37948608398438]",491.2740478515625,143.7624855041504,47.31591796875,81.23400115966797,0.5439673662185669,7.641119956970215,True,7.753986984491348,-0.0405353046279151,11,0.008145510125111062,7.750437293701811,-0.033203931598464076,116,11,0.008145510125111062,0.008145510125111062,0.002050015559551436,matched,[],[],[11],0,
yolo11n,308,30.783333304851165,0,"[468.51702880859375, 103.39588165283203, 516.2338256835938, 185.04107666015625]",492.37542724609375,144.21847915649414,47.716796875,81.64519500732422,0.7500677704811096,7.653314113616943,True,7.774326366186141,-0.032620693979234616,11,0.003907830460798161,7.77116019381255,-0.0349112160618721,117,11,0.003907830460798161,0.003907830460798161,0.0004716739275025952,matched,[],[],[11],0,
yolo11n,309,30.883333304851167,0,"[469.44189453125, 103.90360260009766, 518.045166015625, 184.82479858398438]",493.7435302734375,144.36420059204102,48.603271484375,80.92119598388672,0.6157968044281006,7.6608381271362305,True,7.793013900518417,-0.040724486384813297,11,0.0072460801676724855,7.791942579404665,-0.033558040343185304,118,11,0.0072460801676724855,0.0072460801676724855,0.0016213609018393687,matched,[],[],[11],0,
yolo11n,310,30.983333304851165,0,"[469.68212890625, 103.94620513916016, 519.3534545898438, 185.14926147460938]",494.5177917480469,144.54773330688477,49.67132568359375,81.20305633544922,0.7783651947975159,7.667860507965088,True,7.811548852920532,-0.03617851886613277,11,0.0009122257018562431,7.812145543559412,-0.03548850726289704,119,11,0.0009122257018562431,0.0009122257018562431,2.5692969440719843e-05,matched,[],[],[11],0,
yolo11n,311,31.083333304851166,0,"[472.0574951171875, 103.90482330322266, 520.0289306640625, 185.14163208007812]",496.043212890625,144.5232276916504,47.971435546875,81.23680877685547,0.8217363953590393,7.659976959228516,True,7.84057478904724,-0.028296177708400982,11,0.011335995100426785,7.831806239082062,-0.03548069692857667,120,11,0.011335995100426785,0.011335995100426785,0.003967216831991447,matched,[],[],[11],0,
yolo11n,312,31.183333304851164,0,"[471.939697265625, 103.51781463623047, 521.7515869140625, 185.217041015625]",496.84564208984375,144.36742782592773,49.8118896484375,81.69922637939453,0.8116396069526672,7.65960693359375,True,7.856395085652669,-0.028536342642643042,11,0.00442524547134369,7.854813639902721,-0.03266935931592414,121,11,0.00442524547134369,0.00442524547134369,0.0006045208431863649,matched,[],[],[11],0,
yolo11n,313,31.283333304851165,0,"[473.6011962890625, 103.7945556640625, 522.6892700195312, 184.99603271484375]",498.1452331542969,144.39529418945312,49.08807373046875,81.20147705078125,0.7590466737747192,7.665325164794922,True,7.874496936798096,-0.03781978384181173,11,0.007360938305531485,7.875714154834857,-0.030560183784727104,122,11,0.007360938305531485,0.007360938305531485,0.0016725579286796437,matched,[],[],[11],0,
yolo11n,314,31.383333304851167,0,"[475.169921875, 103.65499877929688, 523.33447265625, 185.75686645507812]",499.252197265625,144.7059326171875,48.16455078125,82.10186767578125,0.7371614575386047,7.675750255584717,True,7.89439749221007,-0.031071057837810834,11,0.0018087155300678562,7.895692246694882,-0.03233401575190284,123,11,0.0018087155300678562,0.0018087155300678562,0.00010098090583599456,matched,[],[],[11],0,
yolo11n,315,31.483333304851165,0,"[475.60919189453125, 103.3631362915039, 525.3568115234375, 185.27975463867188]",500.4830017089844,144.3214454650879,49.74761962890625,81.91661834716797,0.6902576088905334,7.671431541442871,True,7.908751126130421,-0.02086158743731037,11,0.012583521290663317,7.91557470903877,-0.03143436968066832,124,11,0.012583521290663317,0.012583521290663317,0.004887548143010558,matched,[],[],[11],0,
yolo11n,316,31.583333304851166,0,"[477.12811279296875, 104.0614242553711, 526.5585327148438, 185.71139526367188]",501.84332275390625,144.88640975952148,49.430419921875,81.64997100830078,0.7427790760993958,7.680401802062988,True,7.928153187036514,-0.02805985982431647,11,0.005322530590629884,7.933389043978419,-0.027103233475057012,125,11,0.005322530590629884,0.005322530590629884,0.0008744076804200907,matched,[],[],[11],0,
yolo11n,317,31.683333304851168,0,"[479.0419921875, 103.40705108642578, 527.516845703125, 185.83831787109375]",503.2794189453125,144.62268447875977,48.474853515625,82.43126678466797,0.5569550395011902,7.663198471069336,True,7.95352441072464,-0.026205257224199308,11,0.002131647809959865,7.951397516818541,-0.02634754108802673,126,11,0.002131647809959865,0.002131647809959865,0.00014024965990573136,matched,[],[],[11],0,
yolo11n,318,31.78333330485117,0,"[480.0262451171875, 103.46171569824219, 529.698974609375, 185.12046813964844]",504.86260986328125,144.2910919189453,49.6727294921875,81.65875244140625,0.3414858877658844,7.66043758392334,True,7.9684195637702935,-0.027997209504176723,11,0.00433667636001581,7.971773626262901,-0.02524820483935633,127,11,0.00433667636001581,0.00433667636001581,0.0005804703241131613,matched,[],[],[11],0,
yolo11n,319,31.883333304851163,0,"[481.1077880859375, 103.31280517578125, 530.9392700195312, 184.88308715820312]",506.0235290527344,144.0979461669922,49.83148193359375,81.57028198242188,0.27702322602272034,7.6632490158081055,True,7.985474095741907,-0.026172451189367507,11,0.004914909713796615,7.990288785572306,-0.025184980009120037,128,11,0.004914909713796615,0.004914909713796615,0.0007455788173966028,matched,[],[],[11],0,
yolo11n,320,31.983333304851165,0,"[482.35302734375, 102.87352752685547, 531.651611328125, 184.26373291015625]",507.0023193359375,143.56863021850586,49.298583984375,81.39020538330078,0.38483545184135437,7.6566972732543945,True,8.014824551343917,-0.030424856081749496,11,0.008878905811859374,8.008090167252684,-0.024638402994787305,129,11,0.008878905811859374,0.008878905811859374,0.002433206113433707,matched,[],[],[11],0,
yolo11n,321,32.083333304851166,0,"[484.29022216796875, 102.96434020996094, 533.517822265625, 185.16981506347656]",508.9040222167969,144.06707763671875,49.22760009765625,82.20547485351562,0.6693037152290344,7.655918598175049,True,8.03046777844429,-0.0309302547126995,11,0.005095330720151985,8.029794445173371,-0.025879609461447167,130,11,0.005095330720151985,0.005095330720151985,0.0008013146141469219,matched,[],[],[11],0,
yolo11n,322,32.18333330485117,0,"[485.15374755859375, 103.62663269042969, 535.1720581054688, 183.4619903564453]",510.16290283203125,143.5443115234375,50.018310546875,79.83535766601562,0.7159240245819092,7.657691955566406,True,8.047123257319132,-0.01679734247838205,11,0.010690520353722985,8.049684192605326,-0.027176592735182442,131,11,0.010690520353722985,0.010690520353722985,0.003527401232774928,matched,[],[],[11],0,
yolo11n,323,32.28333330485117,0,"[485.68145751953125, 103.48764038085938, 536.0626220703125, 183.78756713867188]",510.8720397949219,143.63760375976562,50.38116455078125,80.2999267578125,0.8305427432060242,7.657926559448242,True,8.063170623779296,-0.0296269885553615,11,0.00832683202039915,8.068443430957485,-0.02318232906415607,132,11,0.00832683202039915,0.00832683202039915,0.0021400111407535232,matched,[],[],[11],0,
yolo11n,324,32.38333330485116,0,"[487.02008056640625, 103.33094787597656, 537.9027709960938, 182.95127868652344]",512.46142578125,143.14111328125,50.8826904296875,79.62033081054688,0.747310221195221,7.6535563468933105,True,8.09331235686938,-0.01948856801341492,11,0.008905691275677675,8.086081113049257,-0.024686687857322375,133,11,0.008905691275677675,0.008905691275677675,0.002447886153236422,matched,[],[],[11],0,
yolo11n,325,32.483333304851165,0,"[488.41058349609375, 103.566650390625, 538.7246704101562, 184.11163330078125]",513.567626953125,143.83914184570312,50.3140869140625,80.54498291015625,0.7471529245376587,7.654721260070801,True,8.109730511903763,-0.018730506906290856,11,0.004032936761611549,8.107941188270734,-0.02234477029727993,134,11,0.004032936761611549,0.004032936761611549,0.0005019939207960008,matched,[],[],[11],0,
yolo11n,326,32.583333304851166,0,"[489.4481506347656, 103.29743957519531, 539.2445068359375, 183.69309997558594]",514.3463287353516,143.49526977539062,49.796356201171875,80.39566040039062,0.731026291847229,7.669466018676758,True,8.131698624293008,-0.022137308905024078,11,0.003924807663402044,8.128237870295706,-0.020286012882002654,135,11,0.003924807663402044,0.003924807663402044,0.00047543613993757306,matched,[],[],[11],0,
yolo11n,327,32.68333330485117,0,"[489.8470458984375, 103.28225708007812, 541.68115234375, 184.6771240234375]",515.7640991210938,143.9796905517578,51.8341064453125,81.39486694335938,0.7280890345573425,7.672416687011719,True,8.148887681961059,-0.020222179248978733,11,0.00041436549919329557,8.149237530203612,-0.020000132015030724,136,11,0.00041436549919329557,0.00041436549919329557,5.299348476503294e-06,matched,[],[],[11],0,
yolo11n,328,32.78333330485117,0,"[491.1365966796875, 103.85813903808594, 542.796875, 185.8223114013672]",516.9667358398438,144.84022521972656,51.6602783203125,81.96417236328125,0.7334875464439392,7.686575889587402,True,8.170712554454802,-0.024063038514349877,11,0.005111066441222485,8.169053406078532,-0.019228762267370116,137,11,0.005111066441222485,0.005111066441222485,0.000806265855164301,matched,[],[],[11],0,
yolo11n,329,32.88333330485116,0,"[491.9490966796875, 103.52184295654297, 543.583984375, 185.39361572265625]",517.7665405273438,144.4577293395996,51.6348876953125,81.87177276611328,0.7176473140716553,7.676366329193115,True,8.182493540644645,-0.017658666168658854,11,0.007502334856989424,8.189575316046003,-0.020135253633520773,138,11,0.007502334856989424,0.007502334856989424,0.0017371928882738122,matched,[],[],[11],0,
yolo11n,330,32.983333304851165,0,"[493.37786865234375, 103.48434448242188, 545.2874145507812, 185.58291625976562]",519.3326416015625,144.53363037109375,51.9095458984375,82.09857177734375,0.7858757972717285,7.671139717102051,True,8.212289756536483,-0.02105099586483039,11,0.00577076312528984,8.207032959075123,-0.01867028431186102,139,11,0.00577076312528984,0.00577076312528984,0.0010278307493237166,matched,[],[],[11],0,
yolo11n,331,33.083333304851166,0,"[494.97979736328125, 103.5098876953125, 546.6316528320312, 186.2532958984375]",520.8057250976562,144.881591796875,51.65185546875,82.743408203125,0.7312873005867004,7.685111999511719,True,8.234151299794515,-0.025010693860473054,11,0.008345456222494437,8.22855276280781,-0.018821750237360248,140,11,0.008345456222494437,0.008345456222494437,0.002149588076807507,matched,[],[],[11],0,
yolo11n,332,33.18333330485117,0,"[496.6687927246094, 102.99333190917969, 547.7640380859375, 185.89515686035156]",522.2164154052734,144.44424438476562,51.095245361328125,82.90182495117188,0.7668907046318054,7.6757330894470215,True,8.24619545241197,-0.018069670076743982,11,0.00492331603547815,8.250488016841677,-0.020480672233939914,141,11,0.00492331603547815,0.00492331603547815,0.0007481186528937092,matched,[],[],[11],0,
yolo11n,333,33.28333330485117,0,"[497.15478515625, 103.00765991210938, 549.9229736328125, 185.25619506835938]",523.5388793945312,144.13192749023438,52.7681884765625,82.24853515625,0.8262933492660522,7.668293476104736,True,8.275000338753063,-0.02289834701494886,11,0.006817169626749803,8.269162515402066,-0.019377889623866548,142,11,0.006817169626749803,0.006817169626749803,0.0014343767476104811,matched,[],[],[11],0,
yolo11n,334,33.38333330485116,0,"[498.29815673828125, 103.5739974975586, 551.2973022460938, 185.33950805664062]",524.7977294921875,144.4567527770996,52.9991455078125,81.76551055908203,0.7362543940544128,7.666004657745361,True,8.289993665615718,-0.024383903309230348,11,0.004290933256665131,8.291256732798676,-0.02028307784299916,143,11,0.004290933256665131,0.004290933256665131,0.0005682749871374077,matched,[],[],[11],0,
yolo11n,335,33.483333304851165,0,"[498.2590637207031, 103.20552825927734, 551.621826171875, 185.58200073242188]",524.9404449462891,144.3937644958496,53.362762451171875,82.37647247314453,0.8006143569946289,7.678548812866211,True,8.311374175548552,-0.016242126343882113,11,0.005357762467534547,8.311111063749168,-0.02159342439571464,144,11,0.005357762467534547,0.005357762467534547,0.0008859759302400166,matched,[],[],[11],0,
yolo11n,336,33.583333304851166,0,"[499.41986083984375, 103.39131164550781, 553.0534057617188, 184.9102020263672]",526.2366333007812,144.1507568359375,53.633544921875,81.51889038085938,0.8075695633888245,7.684754848480225,True,8.33006043434143,-0.012214102350116107,11,0.007631130471851867,8.331446344412335,-0.019718328196516966,145,11,0.007631130471851867,0.007631130471851867,0.001797350442198618,matched,[],[],[11],0,
yolo11n,337,33.68333330485117,0,"[500.20721435546875, 104.00004577636719, 554.8515014648438, 184.5474395751953]",527.5293579101562,144.27374267578125,54.644287109375,80.54739379882812,0.8269413709640503,7.682460308074951,True,8.345071259140967,-0.013703372535132985,11,0.0068531572129890495,8.351200762326712,-0.016768491534761586,146,11,0.0068531572129890495,0.0068531572129890495,0.0014495606449187021,matched,[],[],[11],0,
yolo11n,338,33.78333330485117,0,"[501.50201416015625, 103.87095642089844, 555.4805297851562, 185.0084991455078]",528.4912719726562,144.43972778320312,53.978515625,81.13754272460938,0.8207541704177856,7.692196846008301,True,8.365336120128632,-0.020424288931256918,11,0.006635756456810243,8.36916522113915,-0.015004764117646086,147,11,0.006635756456810243,0.006635756456810243,0.0013590513717284245,matched,[],[],[11],0,
yolo11n,339,33.88333330485116,0,"[504.34765625, 103.6485595703125, 558.616455078125, 180.167724609375]",531.4820556640625,141.90814208984375,54.268798828125,76.5191650390625,0.8512155413627625,7.648580551147461,True,8.394057619571685,-0.009760071620347865,11,0.009059807316983089,8.387619852729676,-0.01613465134836093,148,11,0.009059807316983089,0.009059807316983089,0.0025333367119628816,matched,[],[],[11],0,
yolo11n,340,33.983333304851165,0,"[505.64013671875, 102.77747344970703, 561.9678955078125, 180.45556640625]",533.8040161132812,141.61651992797852,56.3277587890625,77.67809295654297,0.8007626533508301,7.646491527557373,True,8.424990996718407,-0.011123034180638314,11,0.015575584401035647,8.40956923644957,-0.013306641206714456,149,11,0.015575584401035647,0.015575584401035647,0.007487618243218651,matched,[],[],[11],0,
yolo11n,341,34.083333304851166,0,"[506.70233154296875, 102.20311737060547, 563.4859008789062, 179.5281982421875]",535.0941162109375,140.86565780639648,56.7835693359375,77.32508087158203,0.5026358366012573,7.633310317993164,True,8.450892372926075,-0.006782400659713694,11,0.01650236332030661,8.43512049369409,-0.011637894522036459,150,11,0.01650236332030661,0.01650236332030661,0.00840518507345351,matched,[],[],[11],0,
yolo11n,342,34.18333330485117,0,"[506.8508605957031, 102.34815979003906, 566.10595703125, 179.77589416503906]",536.4784088134766,141.06202697753906,59.255096435546875,77.427734375,0.7149571180343628,7.633539199829102,True,8.466899053255716,-0.006632680975361183,11,0.005706534046022543,8.461654947261568,-0.00888298831893809,151,11,0.005706534046022543,0.005706534046022543,0.0010050781147179484,matched,[],[],[11],0,
yolo11n,343,34.28333330485117,0,"[508.50128173828125, 102.40412902832031, 567.6484985351562, 178.56333923339844]",538.0748901367188,140.48373413085938,59.147216796875,76.15921020507812,0.8139683604240417,7.630699634552002,True,8.48150670826435,0.004446015303701145,11,0.011856185409363486,8.485263920486897,-0.0067990942456071495,152,11,0.011856185409363486,0.011856185409363486,0.004338553480027577,matched,[],[],[11],0,
yolo11n,344,34.38333330485116,0,"[508.35565185546875, 102.34202575683594, 569.7489624023438, 178.1352996826172]",539.0523071289062,140.23866271972656,61.393310546875,75.79327392578125,0.7209365963935852,7.62459135055542,True,8.510488934318225,0.0004400159889570432,11,0.004909994226819512,8.505913756928825,-0.001342060093291817,153,11,0.004909994226819512,0.004909994226819512,0.0007440754118066429,matched,[],[],[11],0,
yolo11n,345,34.483333304851165,0,"[510.286376953125, 103.17459869384766, 571.749267578125, 178.35165405273438]",541.017822265625,140.76312637329102,61.462890625,75.17705535888672,0.41485413908958435,7.631678104400635,True,8.529651123285293,0.0050877257325741,11,0.003776178421885227,8.529363777818432,0.001322495851599199,154,11,0.003776178421885227,0.003776178421885227,0.00044010874965471497,matched,[],[],[11],0,
yolo11n,346,34.583333304851166,0,"[511.8656005859375, 102.704345703125, 573.709716796875, 179.33486938476562]",542.7876586914062,141.0196075439453,61.8441162109375,76.63052368164062,0.7594411969184875,7.626086235046387,True,8.5429525633653,0.0014204069219561077,11,0.009210345307080202,8.551519591484245,0.004802194893557045,155,11,0.009210345307080202,0.009210345307080202,0.0026182240969188407,matched,[],[],[11],0,
yolo11n,347,34.68333330485117,0,"[515.98828125, 101.29293060302734, 574.724365234375, 180.88369750976562]",545.3563232421875,141.08831405639648,58.736083984375,79.59076690673828,0.8273024559020996,7.598855972290039,True,8.577794686953226,0.009326312961884575,11,0.008060425476468477,8.570493956109031,0.00591020582036739,156,11,0.008060425476468477,0.008060425476468477,0.0020052610770962924,matched,[],[],[11],0,
yolo11n,348,34.78333330485117,0,"[518.4722290039062, 98.29144287109375, 574.5977172851562, 178.34500122070312]",546.5349731445312,138.31822204589844,56.12548828125,80.05355834960938,0.7624674439430237,7.554556846618652,True,8.58841450214386,-0.007069533161973673,11,0.017528968417430527,8.594722398789278,0.009285135091769361,157,11,0.017528968417430527,0.017528968417430527,0.009483479441504353,matched,[],[],[11],0,
yolo11n,349,34.88333330485116,0,"[519.0496826171875, 95.78292846679688, 576.8204345703125, 177.97195434570312]",547.93505859375,136.87744140625,57.770751953125,82.18902587890625,0.611674427986145,7.529242515563965,True,8.592076116800307,0.0017281266610993384,11,0.02271784945431764,8.614442211039055,0.005710401429679825,158,11,0.02271784945431764,0.02271784945431764,0.01592903345624361,matched,[],[],[11],0,
yolo26n,1,0.08333330485116575,0,"[94.52484130859375, 103.42315673828125, 160.21881103515625, 187.41213989257812]",127.371826171875,145.4176483154297,65.6939697265625,83.98898315429688,0.8573271036148071,7.58467960357666,True,1.887121079365412,-0.11574230300222332,,,,,,,,,,new_birth,[1],[],[1],0,
yolo26n,2,0.18333330485116572,,,,,,,,,,,,,,,,,,,,,no_depth,[],[],[],0,
yolo26n,3,0.2833333048511658,0,"[100.21661376953125, 105.17599487304688, 160.01077270507812, 190.37161254882812]",130.1136932373047,147.7738037109375,59.794158935546875,85.19561767578125,0.26867973804473877,7.596525192260742,True,1.913911640644073,-0.1467488377035151,1,0.040977303081194835,1.887121079365412,-0.11574230300222332,3,1,0.040977303081194835,0.040977303081194835,0.01969664947575483,matched,[],[],[1],0,
yolo26n,4,0.3833333048511658,,,,,,,,,,,,,,,,,,,,,no_depth,[],[],[],0,
yolo26n,5,0.4833333048511659,,,,,,,,,,,,,,,,,,,,,no_depth,[],[],[],0,
yolo26n,6,0.5833333048511657,,,,,,,,,,,,,,,,,,,,,no_depth,[],[],[],0,
yolo26n,7,0.6833333048511658,,,,,,,,,,,,,,,,,,,,,no_depth,[],[],[],0,
yolo26n,8,0.7833333048511657,,,,,,,,,,,,,,,,,,,,,no_depth,[],[],[],0,
yolo26n,9,0.8833333048511658,,,,,,,,,,,,,,,,,,,,,no_depth,[],[1],[],0,
yolo26n,10,0.9833333048511659,,,,,,,,,,,,,,,,,,,,,no_depth,[],[],[],0,
yolo26n,11,1.0833333048511657,,,,,,,,,,,,,,,,,,,,,no_depth,[],[],[],0,
yolo26n,12,1.1833333048511658,,,,,,,,,,,,,,,,,,,,,no_depth,[],[],[],0,
yolo26n,13,1.2833333048511657,,,,,,,,,,,,,,,,,,,,,no_depth,[],[],[],0,
yolo26n,14,1.3833333048511658,,,,,,,,,,,,,,,,,,,,,no_depth,[],[],[],0,
yolo26n,15,1.4833333048511657,,,,,,,,,,,,,,,,,,,,,no_depth,[],[],[],0,
yolo26n,16,1.5833333048511657,,,,,,,,,,,,,,,,,,,,,no_depth,[],[],[],0,
yolo26n,17,1.6833333048511658,,,,,,,,,,,,,,,,,,,,,no_depth,[],[],[],0,
yolo26n,18,1.783333304851166,,,,,,,,,,,,,,,,,,,,,no_depth,[],[],[],0,
yolo26n,19,1.8833333048511656,,,,,,,,,,,,,,,,,,,,,no_depth,[],[],[],0,
yolo26n,20,1.9833333048511657,,,,,,,,,,,,,,,,,,,,,no_depth,[],[],[],0,
yolo26n,21,2.0833333048511657,,,,,,,,,,,,,,,,,,,,,no_depth,[],[],[],0,
yolo26n,22,2.183333304851166,,,,,,,,,,,,,,,,,,,,,no_depth,[],[],[],0,
yolo26n,23,2.283333304851166,,,,,,,,,,,,,,,,,,,,,no_depth,[],[],[],0,
yolo26n,24,2.3833333048511656,,,,,,,,,,,,,,,,,,,,,no_depth,[],[],[],0,
yolo26n,25,2.4833333048511657,,,,,,,,,,,,,,,,,,,,,no_depth,[],[],[],0,
yolo26n,26,2.5833333048511657,,,,,,,,,,,,,,,,,,,,,no_depth,[],[],[],0,
yolo26n,27,2.683333304851166,,,,,,,,,,,,,,,,,,,,,no_depth,[],[],[],0,
yolo26n,28,2.783333304851166,,,,,,,,,,,,,,,,,,,,,no_depth,[],[],[],0,
yolo26n,29,2.8833333048511656,,,,,,,,,,,,,,,,,,,,,no_depth,[],[],[],0,
yolo26n,30,2.9833333048511657,,,,,,,,,,,,,,,,,,,,,no_depth,[],[],[],0,
yolo26n,31,3.0833333048511657,,,,,,,,,,,,,,,,,,,,,no_depth,[],[],[],0,
yolo26n,32,3.183333304851166,0,"[137.24891662597656, 106.70686340332031, 185.5248565673828, 189.42430114746094]",161.3868865966797,148.06558227539062,48.27593994140625,82.71743774414062,0.4106464982032776,7.578520774841309,True,2.442249238491058,-0.13255606306716672,,,,,,,,,,new_birth,[2],[],[2],0,
yolo26n,33,3.283333304851166,0,"[138.13272094726562, 107.10306549072266, 186.20925903320312, 189.27096557617188]",162.17098999023438,148.18701553344727,48.0765380859375,82.16790008544922,0.568694531917572,7.575428009033203,True,2.4590751886367794,-0.12169999326999292,2,0.020024156655085758,2.442249238491058,-0.13255606306716672,2,2,0.020024156655085758,0.020024156655085758,0.007286994089003456,matched,[],[],[2],0,
yolo26n,34,3.3833333048511656,0,"[139.058349609375, 106.72520446777344, 187.19683837890625, 189.34336853027344]",163.12759399414062,148.03428649902344,48.13848876953125,82.6181640625,0.2992795705795288,7.5727410316467285,True,2.4915295332670206,-0.12343030894151674,2,0.03626866415756754,2.4552681358550577,-0.12415629620456474,3,2,0.03626866415756754,0.03626866415756754,0.02514748533671831,matched,[],[],[2],0,
yolo26n,35,3.4833333048511657,,,,,,,,,,,,,,,,,,,,,no_depth,[],[],[],0,
yolo26n,36,3.583333304851166,,,,,,,,,,,,,,,,,,,,,no_depth,[],[],[],0,
yolo26n,37,3.683333304851166,,,,,,,,,,,,,,,,,,,,,no_depth,[],[],[],0,
yolo26n,38,3.7833333048511655,,,,,,,,,,,,,,,,,,,,,no_depth,[],[],[],0,
yolo26n,39,3.883333304851166,,,,,,,,,,,,,,,,,,,,,no_depth,[],[],[],0,
yolo26n,40,3.9833333048511657,,,,,,,,,,,,,,,,,,,,,no_depth,[],[2],[],0,
yolo26n,41,4.083333304851166,,,,,,,,,,,,,,,,,,,,,no_depth,[],[],[],0,
yolo26n,42,4.183333304851166,,,,,,,,,,,,,,,,,,,,,no_depth,[],[],[],0,
yolo26n,43,4.2833333048511655,,,,,,,,,,,,,,,,,,,,,no_depth,[],[],[],0,
yolo26n,44,4.383333304851166,0,"[153.35975646972656, 106.61314392089844, 197.88294982910156, 188.9539337158203]",175.62135314941406,147.78353881835938,44.523193359375,82.34078979492188,0.3084622621536255,7.571252822875977,True,2.6813038229942316,-0.12438866124157322,,,,,,,,,,new_birth,[3],[],[3],0,
yolo26n,45,4.483333304851166,,,,,,,,,,,,,,,,,,,,,no_depth,[],[],[],0,
yolo26n,46,4.583333304851166,0,"[155.05026245117188, 106.56575012207031, 200.99758911132812, 188.7278594970703]",178.02392578125,147.6468048095703,45.94732666015625,82.162109375,0.35762274265289307,7.549041748046875,True,2.719560305277506,-0.12589406197774977,3,0.038286089746368185,2.6813038229942316,-0.12438866124157322,3,3,0.038286089746368185,0.038286089746368185,0.017194424258849945,matched,[],[],[3],0,
yolo26n,47,4.683333304851166,,,,,,,,,,,,,,,,,,,,,no_depth,[],[],[],0,
yolo26n,48,4.7833333048511655,,,,,,,,,,,,,,,,,,,,,no_depth,[],[],[],0,
yolo26n,49,4.883333304851166,,,,,,,,,,,,,,,,,,,,,no_depth,[],[],[],0,
yolo26n,50,4.983333304851166,,,,,,,,,,,,,,,,,,,,,no_depth,[],[],[],0,
yolo26n,51,5.083333304851166,,,,,,,,,,,,,,,,,,,,,no_depth,[],[],[],0,
yolo26n,52,5.183333304851166,0,"[163.33822631835938, 106.48872375488281, 207.19674682617188, 188.3206329345703]",185.26748657226562,147.40467834472656,43.8585205078125,81.8319091796875,0.4711262881755829,7.5472002029418945,True,2.845903275410334,-0.1270830719515832,3,0.08205258398250127,2.7638525610119253,-0.12763697168637886,9,3,0.08205258398250127,0.08205258398250127,0.022068543310047005,matched,[],[],[3],0,
yolo26n,53,5.2833333048511655,0,"[164.52960205078125, 106.74217224121094, 208.769287109375, 188.1468963623047]",186.64944458007812,147.4445343017578,44.23968505859375,81.40472412109375,0.38250964879989624,7.552048206329346,True,2.860253008206685,-0.13675573553981213,3,0.009371899255947072,2.859570700953137,-0.12740870646767496,10,3,0.009371899255947072,0.009371899255947072,0.001753890321818618,matched,[],[],[3],0,
yolo26n,54,5.383333304851166,0,"[165.83502197265625, 106.79759979248047, 209.8284912109375, 188.37109375]",187.83175659179688,147.58434677124023,43.99346923828125,81.57349395751953,0.3545158803462982,7.550799369812012,True,2.8763376772403713,-0.12475923785461251,3,0.009425585462893078,2.8797175923747838,-0.13355797838962494,11,3,0.009425585462893078,0.009425585462893078,0.002275469592605198,matched,[],[],[3],0,
yolo26n,55,5.483333304851166,0,"[166.53677368164062, 106.24756622314453, 210.00497436523438, 188.23876953125]",188.2708740234375,147.24316787719727,43.46820068359375,81.99120330810547,0.2634608745574951,7.5407938957214355,True,2.894861704111099,-0.131219361179566,3,0.003127365971679974,2.8978444017179967,-0.13027918411824846,12,3,0.003127365971679974,0.003127365971679974,0.00027546310380060655,matched,[],[],[3],0,
yolo26n,56,5.583333304851166,0,"[168.66009521484375, 106.45816040039062, 212.2081298828125, 187.63833618164062]",190.43411254882812,147.04824829101562,43.54803466796875,81.18017578125,0.4152577221393585,7.544076919555664,True,2.9253788471221918,-0.12909964764516602,3,0.009463097631821725,2.9161357136695356,-0.13112812016550707,13,3,0.009463097631821725,0.009463097631821725,0.0026332788440340334,matched,[],[],[3],0,
yolo26n,57,5.683333304851166,0,"[170.05941772460938, 106.65423583984375, 212.98068237304688, 187.21502685546875]",191.52005004882812,146.93463134765625,42.9212646484375,80.560791015625,0.45801466703414917,7.543452262878418,True,2.941266153256098,-0.1295029627838824,3,0.002469625319991007,2.9391825959696067,-0.13082879771140885,14,3,0.002469625319991007,0.002469625319991007,0.00018298990026426528,matched,[],[],[3],0,
yolo26n,58,5.7833333048511655,0,"[170.8195037841797, 106.3857421875, 213.67381286621094, 188.19479370117188]",192.2466583251953,147.29026794433594,42.85430908203125,81.80905151367188,0.36656326055526733,7.539308071136475,True,2.9581040640672045,-0.1321786970362382,3,0.0023213330865171017,2.959900027193745,-0.13070794765355376,15,3,0.0023213330865171017,0.0023213330865171017,0.00016316588637662206,matched,[],[],[3],0,
yolo26n,59,5.883333304851166,,,,,,,,,,,,,,,,,,,,,no_depth,[],[],[],0,
yolo26n,60,5.983333304851166,,,,,,,,,,,,,,,,,,,,,no_depth,[],[],[],0,
yolo26n,61,6.083333304851166,0,"[174.71044921875, 106.46296691894531, 216.94415283203125, 188.6341094970703]",195.82730102539062,147.5485382080078,42.23370361328125,82.171142578125,0.32470425963401794,7.542885780334473,True,3.0199924826622,-0.12986871727609284,3,0.002639335837848989,3.019133906256113,-0.13236450176596054,18,3,0.002639335837848989,0.002639335837848989,0.00016023951151520095,matched,[],[],[3],0,
yolo26n,62,6.183333304851166,,,,,,,,,,,,,,,,,,,,,no_depth,[],[],[],0,
yolo26n,63,6.2833333048511655,,,,,,,,,,,,,,,,,,,,,no_depth,[],[],[],0,
yolo26n,64,6.383333304851166,0,"[179.3002166748047, 106.57757568359375, 220.6723175048828, 188.15133666992188]",199.98626708984375,147.3644561767578,41.372100830078125,81.57376098632812,0.2825591266155243,7.544851303100586,True,3.082350293795267,-0.12859966002281809,3,0.00421329593786419,3.0795584045609083,-0.13175516587182143,21,3,0.00421329593786419,0.00421329593786419,0.0003535996883121134,matched,[],[],[3],0,
yolo26n,65,6.483333304851166,0,"[180.6099395751953, 106.54168701171875, 222.1101837158203, 188.41644287109375]",201.3600616455078,147.47906494140625,41.500244140625,81.874755859375,0.3972747325897217,7.538934707641602,True,3.099560209115346,-0.1324197624970136,3,0.0030260764062725394,3.1013244719341073,-0.1299612029343967,22,3,0.0030260764062725394,0.0030260764062725394,0.00023426638210800773,matched,[],[],[3],0,
yolo26n,66,6.583333304851166,,,,,,,,,,,,,,,,,,,,,no_depth,[],[],[],0,
yolo26n,67,6.683333304851166,,,,,,,,,,,,,,,,,,,,,no_depth,[],[],[],0,
yolo26n,68,6.7833333048511655,,,,,,,,,,,,,,,,,,,,,no_depth,[],[],[],0,
yolo26n,69,6.883333304851166,0,"[185.68301391601562, 106.49227905273438, 227.08602905273438, 188.4326171875]",206.384521484375,147.4624481201172,41.40301513671875,81.94033813476562,0.541833221912384,7.544958591461182,True,3.176635007063547,-0.1285303883386879,3,0.005259378256925775,3.1810427044607574,-0.131399754698017,26,3,0.005259378256925775,0.005259378256925775,0.0005163393830887738,matched,[],[],[3],0,
yolo26n,70,6.983333304851166,0,"[186.91757202148438, 107.01722717285156, 227.84841918945312, 187.90672302246094]",207.38299560546875,147.46197509765625,40.93084716796875,80.88949584960938,0.33206233382225037,7.5453972816467285,True,3.192248567938804,-0.12824714411913085,3,0.006154929127963006,3.198251703931686,-0.12960563991272642,27,3,0.006154929127963006,0.006154929127963006,0.0009532311043041606,matched,[],[],[3],0,
yolo26n,71,7.083333304851166,,,,,,,,,,,,,,,,,,,,,no_depth,[],[],[],0,
yolo26n,72,7.183333304851166,,,,,,,,,,,,,,,,,,,,,no_depth,[],[],[],0,
yolo26n,73,7.2833333048511655,,,,,,,,,,,,,,,,,,,,,no_depth,[],[],[],0,
yolo26n,74,7.383333304851166,,,,,,,,,,,,,,,,,,,,,no_depth,[],[],[],0,
yolo26n,75,7.4833333048511665,0,"[194.09182739257812, 106.5953140258789, 233.35690307617188, 188.21237182617188]",213.724365234375,147.4038429260254,39.26507568359375,81.61705780029297,0.2502841651439667,7.538331508636475,True,3.2881705532471335,-0.13280922329890377,3,0.0066029575401647615,3.2926440729156687,-0.12795261233523303,32,3,0.0066029575401647615,0.0066029575401647615,0.0006873983170241041,matched,[],[],[3],0,
yolo26n,76,7.583333304851166,,,,,,,,,,,,,,,,,,,,,no_depth,[],[],[],0,
yolo26n,77,7.683333304851166,0,"[196.8978729248047, 106.75792694091797, 234.8675994873047, 188.02850341796875]",215.8827362060547,147.39321517944336,37.9697265625,81.27057647705078,0.30017298460006714,7.546729564666748,True,3.333430554469426,-0.12738694373930315,3,0.00694682163841511,3.327810605198337,-0.13147038604529235,34,3,0.00694682163841511,0.00694682163841511,0.0010237781894238429,matched,[],[],[3],0,
yolo26n,78,7.7833333048511655,0,"[197.8238525390625, 106.21372985839844, 235.96932983398438, 187.8955841064453]",216.89659118652344,147.05465698242188,38.145477294921875,81.68185424804688,0.3024258017539978,7.540750503540039,True,3.350460827350616,-0.1312473777273695,3,0.0020236681509935403,3.350163166046818,-0.12924572078034616,35,3,0.0020236681509935403,0.0020236681509935403,0.00010787239668833372,matched,[],[],[3],0,
yolo26n,79,7.883333304851165,,,,,,,,,,,,,,,,,,,,,no_depth,[],[],[],0,
yolo26n,80,7.9833333048511665,0,"[200.6764373779297, 106.35542297363281, 238.19371032714844, 188.3655548095703]",219.43507385253906,147.36048889160156,37.51727294921875,82.0101318359375,0.31411978602409363,7.541677474975586,True,3.3973935365676873,-0.13064887037648099,3,0.00826235044794882,3.3891488138634926,-0.1301094424798556,37,3,0.00826235044794882,0.00826235044794882,0.0017399128007945235,matched,[],[],[3],0,
yolo26n,81,8.083333304851166,0,"[202.16549682617188, 106.0255126953125, 239.74630737304688, 188.10153198242188]",220.95590209960938,147.0635223388672,37.580810546875,82.07601928710938,0.39251258969306946,7.539824485778809,True,3.4134952644507086,-0.13184526932995588,3,0.0016810019474979058,3.4126383231282698,-0.1303990953717515,38,3,0.0016810019474979058,0.0016810019474979058,7.927179163405346e-05,matched,[],[],[3],0,
yolo26n,82,8.183333304851166,0,"[203.01150512695312, 105.71009063720703, 232.72622680664062, 186.18902587890625]",217.86886596679688,145.94955825805664,29.7147216796875,80.47893524169922,0.4214269518852234,7.462032318115234,True,3.4143181324005125,-0.14412181974566884,3,0.022767072958045267,3.432977629554908,-0.13107717421495144,39,3,0.022767072958045267,0.022767072958045267,0.015234909289743016,matched,[],[],[3],0,
yolo26n,83,8.283333304851165,,,,,,,,,,,,,,,,,,,,,no_depth,[],[],[],0,
yolo26n,84,8.383333304851165,0,"[205.63784790039062, 105.83917236328125, 242.81137084960938, 188.41510009765625]",224.224609375,147.12713623046875,37.17352294921875,82.575927734375,0.2821606397628784,7.531613826751709,True,3.4622955103715256,-0.13714655434794043,3,0.0023001664891409016,3.4645928345406998,-0.1372608676870353,41,3,0.0023001664891409016,0.0023001664891409016,0.00014060747336223694,matched,[],[],[3],0,
yolo26n,85,8.483333304851167,0,"[206.7812042236328, 106.0704116821289, 244.63050842285156, 187.73501586914062]",225.7058563232422,146.90271377563477,37.84930419921875,81.66460418701172,0.31013718247413635,7.5329813957214355,True,3.4934037208557127,-0.13626357128088795,3,0.011074718743737244,3.4824806423659567,-0.13808997527768435,42,3,0.011074718743737244,0.011074718743737244,0.003484862656434876,matched,[],[],[3],0,
yolo26n,86,8.583333304851166,0,"[208.5458221435547, 106.13600158691406, 244.86790466308594, 187.78160095214844]",226.7068634033203,146.95880126953125,36.32208251953125,81.64559936523438,0.4779401123523712,7.53195858001709,True,3.5092998643716173,-0.13692396133626694,3,0.00363148992073348,3.5058980347705226,-0.13819489579937067,43,3,0.00363148992073348,0.00363148992073348,0.00038877367857365546,matched,[],[],[3],0,
yolo26n,87,8.683333304851166,0,"[209.61080932617188, 105.98562622070312, 245.94058227539062, 187.72235107421875]",227.77569580078125,146.85398864746094,36.32977294921875,81.73672485351562,0.6166337728500366,7.528944969177246,True,3.5255816102027886,-0.13886972597496072,3,0.0012082286081851023,3.526717267334843,-0.13845729507401935,44,3,0.0012082286081851023,0.0012082286081851023,4.394007144720247e-05,matched,[],[],[3],0,
yolo26n,88,8.783333304851165,0,"[211.5491180419922, 106.42832946777344, 246.9998321533203, 187.4026641845703]",229.27447509765625,146.91549682617188,35.450714111328125,80.97433471679688,0.6529372930526733,7.536574363708496,True,3.5554899136225377,-0.13394373954788819,3,0.010933489758165112,3.545960539169127,-0.1393039840216586,45,3,0.010933489758165112,0.010933489758165112,0.003639881881558487,matched,[],[],[3],0,
yolo26n,89,8.883333304851165,0,"[212.68771362304688, 106.3656997680664, 248.69546508789062, 188.29147338867188]",230.69158935546875,147.32858657836914,36.00775146484375,81.92577362060547,0.6818404197692871,7.532122611999512,True,3.572035088141759,-0.13681805262808489,3,0.003171630366064318,3.569104081967511,-0.1380298455086801,46,3,0.003171630366064318,0.003171630366064318,0.000308166041968696,matched,[],[],[3],0,
yolo26n,90,8.983333304851167,0,"[214.39242553710938, 105.99808502197266, 249.72708129882812, 187.74777221679688]",232.05975341796875,146.87292861938477,35.33465576171875,81.74968719482422,0.28331807255744934,7.539656639099121,True,3.6020219981670376,-0.13195364103135176,3,0.01317039822062843,3.590321244106812,-0.1379994448416028,47,3,0.01317039822062843,0.01317039822062843,0.005330051364010106,matched,[],[],[3],0,
yolo26n,91,9.083333304851166,0,"[215.91229248046875, 106.02769470214844, 250.519775390625, 187.5476531982422]",233.21603393554688,146.7876739501953,34.60748291015625,81.51995849609375,0.3173906207084656,7.536428451538086,True,3.618321450551351,-0.1340379490383068,3,0.004021977345807484,3.614893403846284,-0.13614146931585785,48,3,0.004021977345807484,0.004021977345807484,0.0004977602561195858,matched,[],[],[3],0,
yolo26n,92,9.183333304851166,0,"[216.79132080078125, 106.06964111328125, 251.80572509765625, 187.3348388671875]",234.29852294921875,146.70223999023438,35.014404296875,81.26519775390625,0.5856504440307617,7.528241157531738,True,3.6355062901973723,-0.12656168769701015,3,0.008965670260895012,3.6371011438766248,-0.135384367843591,49,3,0.008965670260895012,0.008965670260895012,0.0024750276449064857,matched,[],[],[3],0,
yolo26n,93,9.283333304851165,0,"[217.50613403320312, 106.42424011230469, 252.71945190429688, 187.15040588378906]",235.11279296875,146.78732299804688,35.21331787109375,80.72616577148438,0.7002633810043335,7.520645618438721,True,3.6525509933630618,-0.1314786916085371,3,0.005157843087194319,3.657674887543611,-0.13206949930876663,50,3,0.005157843087194319,0.005157843087194319,0.0008193959381213558,matched,[],[],[3],0,
yolo26n,94,9.383333304851165,0,"[219.19369506835938, 106.5323486328125, 254.11740112304688, 187.56985473632812]",236.65554809570312,147.0511016845703,34.9237060546875,81.03750610351562,0.7321203947067261,7.531182289123535,True,3.66635313630104,-0.13742518045522178,3,0.012202877269400248,3.6768785966450963,-0.1312506441813185,51,3,0.012202877269400248,0.012202877269400248,0.004587662256934306,matched,[],[],[3],0,
yolo26n,95,9.483333304851167,0,"[220.76919555664062, 106.1859130859375, 255.13027954101562, 187.74594116210938]",237.94973754882812,146.96592712402344,34.361083984375,81.56002807617188,0.4732765853404999,7.53207540512085,True,3.6975786278645195,-0.1368485321691022,3,0.005473894762393696,3.6938369731512486,-0.1328530917833101,52,3,0.005473894762393696,0.005473894762393696,0.0009233604988678592,matched,[],[],[3],0,
yolo26n,96,9.583333304851166,0,"[221.564453125, 105.6034164428711, 256.1043701171875, 187.85971069335938]",238.83441162109375,146.73156356811523,34.5399169921875,82.25629425048828,0.514850378036499,7.529395580291748,True,3.7137282550334927,-0.13857878490161202,3,0.0048590427355083,3.715381110965305,-0.13400950010263438,53,3,0.0048590427355083,0.0048590427355083,0.0007277769715274817,matched,[],[],[3],0,
yolo26n,97,9.683333304851166,,,,,,,,,,,,,,,,,,,,,no_depth,[],[],[],0,
yolo26n,98,9.783333304851165,0,"[224.77127075195312, 105.94737243652344, 258.3210754394531, 186.86143493652344]",241.54617309570312,146.40440368652344,33.5498046875,80.9140625,0.32763898372650146,7.524145126342773,True,3.745975812276204,-0.1292132705710145,3,0.01155645422803398,3.7554837698769834,-0.13578216519541123,55,3,0.01155645422803398,0.01155645422803398,0.0036415484124181375,matched,[],[],[3],0,
yolo26n,99,9.883333304851165,0,"[225.80612182617188, 106.04095458984375, 257.2898864746094, 186.05191040039062]",241.54800415039062,146.0464324951172,31.4837646484375,80.01095581054688,0.45476558804512024,7.507040023803711,True,3.764466329415639,-0.1275598113287364,3,0.008866371874611298,3.771476026467566,-0.13298905597777363,56,3,0.008866371874611298,0.008866371874611298,0.00226056373489124,matched,[],[],[3],0,
yolo26n,100,9.983333304851167,0,"[226.98458862304688, 106.1546630859375, 260.62701416015625, 185.3194580078125]",243.80580139160156,145.737060546875,33.642425537109375,79.164794921875,0.6121472120285034,7.506533622741699,True,3.7958268980185186,-0.12788849065884556,3,0.008015006890308119,3.7882462093985683,-0.13049108465312173,57,3,0.008015006890308119,0.008015006890308119,0.001906804191424525,matched,[],[],[3],0,
yolo26n,101,10.083333304851166,0,"[228.02792358398438, 106.35929870605469, 262.9716796875, 185.72926330566406]",245.4998016357422,146.04428100585938,34.943756103515625,79.36996459960938,0.7068362832069397,7.512826919555664,True,3.8104690710703526,-0.12380382983136062,3,0.005093355084328198,3.810439964221551,-0.12889710174697683,58,3,0.005093355084328198,0.005093355084328198,0.0007847003184938178,matched,[],[],[3],0,
yolo26n,102,10.183333304851166,0,"[229.14886474609375, 106.28707885742188, 263.4378662109375, 185.30633544921875]",246.29336547851562,145.7967071533203,34.28900146484375,79.01925659179688,0.6039946675300598,7.506219387054443,True,3.827153220772743,-0.12809244515841556,3,0.003493594916366079,3.8301267253343143,-0.1262584669519005,59,3,0.003493594916366079,0.003493594916366079,0.0003731860955280441,matched,[],[],[3],0,
yolo26n,103,10.283333304851165,0,"[231.79803466796875, 106.19139099121094, 264.2938232421875, 186.0585479736328]",248.04592895507812,146.12496948242188,32.49578857421875,79.86715698242188,0.4203025996685028,7.521110534667969,True,3.856164439519246,-0.13117772614844903,3,0.00911978694205593,3.848712973687503,-0.12591976353667061,60,3,0.00911978694205593,0.00911978694205593,0.0025575481238136527,matched,[],[],[3],0,
yolo26n,104,10.383333304851165,0,"[232.8162841796875, 106.30084991455078, 265.61798095703125, 186.86029052734375]",249.21713256835938,146.58057022094727,32.80169677734375,80.55944061279297,0.5740283727645874,7.52967643737793,True,3.8705485343933104,-0.1256325533022773,3,0.0013414326159403682,3.8709325516469053,-0.12691784401338121,61,3,0.0013414326159403682,0.0013414326159403682,5.547957973524775e-05,matched,[],[],[3],0,
yolo26n,105,10.483333304851167,0,"[233.99429321289062, 106.07006072998047, 266.1412048339844, 187.24188232421875]",250.0677490234375,146.6559715270996,32.14691162109375,81.17182159423828,0.5476319193840027,7.526268005371094,True,3.8867395242055256,-0.12783901597787484,3,0.004455873971488861,3.8907174431215554,-0.1258312874236913,62,3,0.004455873971488861,0.004455873971488861,0.0006127191364569204,matched,[],[],[3],0,
yolo26n,106,10.583333304851166,0,"[234.65542602539062, 106.13740539550781, 266.9345703125, 187.83262634277344]",250.7949981689453,146.98501586914062,32.279144287109375,81.69522094726562,0.7672211527824402,7.514461517333984,True,3.904141028722127,-0.13548199525149052,3,0.010860290252787112,3.9091836092815395,-0.12586335264056991,63,3,0.010860290252787112,0.010860290252787112,0.003640159468721439,matched,[],[],[3],0,
yolo26n,107,10.683333304851166,0,"[235.98312377929688, 106.21563720703125, 264.9962463378906, 184.7198486328125]",250.48968505859375,145.46774291992188,29.01312255859375,78.50421142578125,0.5650082230567932,7.473329067230225,True,3.910139511028925,-0.13677051983208877,3,0.018708365520072986,3.9270442544614603,-0.12875599614612906,64,3,0.018708365520072986,0.018708365520072986,0.010799912102832272,matched,[],[],[3],0,
yolo26n,108,10.783333304851165,,,,,,,,,,,,,,,,,,,,,no_depth,[],[],[],0,
yolo26n,109,10.883333304851165,,,,,,,,,,,,,,,,,,,,,no_depth,[],[],[],0,
yolo26n,110,10.983333304851167,0,"[240.21182250976562, 106.10890197753906, 271.0377502441406, 185.8056182861328]",255.62478637695312,145.95726013183594,30.825927734375,79.69671630859375,0.3005383610725403,7.500666618347168,True,3.9842847287654872,-0.13169646662652212,3,0.007065808313607857,3.9772546494025813,-0.13240613646235747,67,3,0.007065808313607857,0.007065808313607857,0.0011799192183714225,matched,[],[],[3],0,
yolo26n,111,11.083333304851166,0,"[241.29071044921875, 105.587158203125, 272.4266357421875, 183.19528198242188]",256.8586730957031,144.39122009277344,31.13592529296875,77.60812377929688,0.5999561548233032,7.49567985534668,True,4.000576019287109,-0.12222586233138344,3,0.010246485192351077,3.9995402819547508,-0.1324198658126183,68,3,0.010246485192351077,0.010246485192351077,0.0028345042633307047,matched,[],[],[3],0,
yolo26n,112,11.183333304851166,0,"[242.4752960205078, 105.79464721679688, 273.59552001953125, 184.51278686523438]",258.03540802001953,145.15371704101562,31.120223999023438,78.7181396484375,0.7410510182380676,7.486698150634766,True,4.017370867729187,-0.1280706593079648,3,0.0016356158769792561,4.019005552569769,-0.12812583873344258,69,3,0.0016356158769792561,0.0016356158769792561,7.711889893557674e-05,matched,[],[],[3],0,
yolo26n,113,11.283333304851165,0,"[243.58502197265625, 106.26392364501953, 273.36492919921875, 184.98260498046875]",258.4749755859375,145.62326431274414,29.7799072265625,78.71868133544922,0.7195258736610413,7.479123115539551,True,4.033946597576141,-0.14567926524645003,3,0.018198374518303813,4.037396833740509,-0.12781094955865963,70,3,0.018198374518303813,0.018198374518303813,0.009887970653304412,matched,[],[],[3],0,
yolo26n,114,11.383333304851165,0,"[245.1499786376953, 105.65625, 273.53961181640625, 185.578369140625]",259.3447952270508,145.6173095703125,28.389633178710938,79.922119140625,0.4859355390071869,7.473504543304443,True,4.05024213095506,-0.13665632970215746,3,0.005321348267421891,4.055041364516095,-0.13435761166598342,71,3,0.005321348267421891,0.005321348267421891,0.0008613908555419164,matched,[],[],[3],0,
yolo26n,115,11.483333304851167,,,,,,,,,,,,,,,,,,,,,no_depth,[],[],[],0,
yolo26n,116,11.583333304851166,,,,,,,,,,,,,,,,,,,,,no_depth,[],[],[],0,
yolo26n,117,11.683333304851166,0,"[249.77432250976562, 106.23988342285156, 279.1335754394531, 187.75331115722656]",264.4539489746094,146.99659729003906,29.3592529296875,81.513427734375,0.4392346143722534,7.511061668395996,True,4.123709472020467,-0.1376829016416714,3,0.014633406995552262,4.109077177304955,-0.1375024808671697,74,3,0.014633406995552262,0.014633406995552262,0.005057293817333892,matched,[],[],[3],0,
yolo26n,118,11.783333304851165,0,"[250.79556274414062, 106.27778625488281, 279.9289855957031, 187.5337677001953]",265.3622741699219,146.90577697753906,29.1334228515625,81.2559814453125,0.47852715849876404,7.507135391235352,True,4.139807403087616,-0.1402245935374289,3,0.004627554113391055,4.1355517027984705,-0.1384071029263583,75,3,0.004627554113391055,0.004627554113391055,0.0005784513722407792,matched,[],[],[3],0,
yolo26n,119,11.883333304851165,0,"[252.10519409179688, 106.42062377929688, 281.0066223144531, 186.521484375]",266.555908203125,146.47105407714844,28.90142822265625,80.10086059570312,0.6516144871711731,7.495845794677734,True,4.156717348098755,-0.13482541957135297,3,0.005242209446232307,4.157103855032163,-0.14005336106572672,76,3,0.005242209446232307,0.005242209446232307,0.0007924673851966457,matched,[],[],[3],0,
yolo26n,120,11.983333304851167,0,"[253.4464111328125, 105.707763671875, 282.5506591796875, 186.20120239257812]",267.99853515625,145.95448303222656,29.104248046875,80.49343872070312,0.6069015860557556,7.497239112854004,True,4.172179847955704,-0.13392108717720852,3,0.006778014055532426,4.176829101170809,-0.13885321846893492,77,3,0.006778014055532426,0.006778014055532426,0.0013714830623795626,matched,[],[],[3],0,
yolo26n,121,12.083333304851166,,,,,,,,,,,,,,,,,,,,,no_depth,[],[],[],0,
yolo26n,122,12.183333304851166,0,"[256.21148681640625, 105.81838989257812, 284.61114501953125, 186.73464965820312]",270.41131591796875,146.27651977539062,28.399658203125,80.916259765625,0.5982136130332947,7.49899959564209,True,4.218854208787282,-0.13277844679419104,3,0.0067619138874907845,4.214513797476839,-0.13796345490199788,79,3,0.0067619138874907845,0.0067619138874907845,0.001231983889277812,matched,[],[],[3],0,
yolo26n,123,12.283333304851165,0,"[257.06573486328125, 105.62162780761719, 285.16845703125, 185.79383850097656]",271.1170959472656,145.70773315429688,28.10272216796875,80.17221069335938,0.7026922702789307,7.483076095581055,True,4.2361026485761,-0.13042769253338982,3,0.005516319123421226,4.2361151903654575,-0.13594399739941584,80,3,0.005516319123421226,0.005516319123421226,0.0008718181745166027,matched,[],[],[3],0,
yolo26n,124,12.383333304851165,0,"[257.91455078125, 105.6539535522461, 286.78106689453125, 184.37838745117188]",272.3478088378906,145.01617050170898,28.86651611328125,78.72443389892578,0.7478050589561462,7.473198890686035,True,4.252680110931396,-0.13685523153173929,3,0.004597858699446131,4.256002319889405,-0.13367667332723876,81,3,0.004597858699446131,0.004597858699446131,0.0006267932871921905,matched,[],[],[3],0,
yolo26n,125,12.499999971851166,0,"[258.92999267578125, 105.74237823486328, 289.79302978515625, 180.314208984375]",274.36151123046875,143.02829360961914,30.863037109375,74.57183074951172,0.7156322598457336,7.469836235046387,True,4.276359614729881,-0.1263800140022946,3,0.008347332582208393,4.277883243585277,-0.1345871155825725,82,3,0.008347332582208393,0.008347332582208393,0.002066701526683662,matched,[],[],[3],0,
yolo26n,126,12.583333304851166,0,"[258.6890563964844, 105.54407501220703, 290.3346252441406, 179.0625]",274.5118408203125,142.30328750610352,31.64556884765625,73.51842498779297,0.49989214539527893,7.451419830322266,True,4.285905599594116,-0.12576338615038374,3,0.00961057141589994,4.293721994711345,-0.13135508091239242,83,3,0.00961057141589994,0.00961057141589994,0.002838187069457869,matched,[],[],[3],0,
yolo26n,127,12.683333304851166,0,"[259.63592529296875, 105.76521301269531, 292.89300537109375, 180.95545959472656]",276.26446533203125,143.36033630371094,33.257080078125,75.19024658203125,0.5113851428031921,7.465198040008545,True,4.300137683749199,-0.12940615799315314,3,0.010381835327921914,4.310496889604672,-0.1287210603212739,84,3,0.010381835327921914,0.010381835327921914,0.0033227013956612077,matched,[],[],[3],0,
yolo26n,128,12.783333304851165,0,"[259.39190673828125, 101.87094116210938, 291.29193115234375, 181.4139404296875]",275.3419189453125,141.64244079589844,31.9000244140625,79.54299926757812,0.3561265468597412,7.38745641708374,True,4.307425960898399,-0.14255652897672988,3,0.02351319089575211,4.325938953756449,-0.12806034873716707,85,3,0.02351319089575211,0.02351319089575211,0.017059102726659163,matched,[],[],[3],0,
yolo26n,129,12.883333304851165,0,"[259.7964172363281, 100.26040649414062, 288.9765319824219, 161.7078857421875]",274.386474609375,130.98414611816406,29.18011474609375,61.447479248046875,0.254842609167099,7.267855644226074,True,4.303497167428334,-0.110307814789385,3,0.04087168962072075,4.3378662500771235,-0.13242706365396542,86,3,0.04087168962072075,0.04087168962072075,0.05153788487291958,matched,[],[],[3],0,
yolo26n,130,12.983333304851167,0,"[260.5281066894531, 98.40281677246094, 290.2598571777344, 182.0509796142578]",275.39398193359375,140.22689819335938,29.73175048828125,83.64816284179688,0.5528602600097656,7.304400444030762,True,4.315212458372116,-0.17240200061368505,3,0.055509698646025146,4.343024600927574,-0.12436231524577901,87,,,,,new_birth,[4],[],"[3, 4]",1,0.6842099384489532
yolo26n,130,12.983333304851167,1,"[259.9460144042969, 99.00228881835938, 289.5882263183594, 158.37161254882812]",274.7671203613281,128.68695068359375,29.6422119140625,59.36932373046875,0.33209532499313354,7.236807346343994,True,4.306472629308701,-0.10665979381940804,3,0.040613124652974716,4.343024600927574,-0.12436231524577901,87,3,0.040613124652974716,0.040613124652974716,0.05086740704401587,matched,[4],[],"[3, 4]",1,0.6842099384489532
yolo26n,131,13.083333304851166,0,"[261.69622802734375, 98.44721221923828, 290.20391845703125, 182.8072509765625]",275.9500732421875,140.6272315979004,28.5076904296875,84.36003875732422,0.471842885017395,7.304899215698242,True,4.330384238560994,-0.17207235424194955,4,0.015175360978573645,4.315212458372116,-0.17240200061368505,2,4,0.015175360978573645,0.015175360978573645,0.004185217279963942,matched,[],[],"[3, 4]",1,0.6848340972392676
yolo26n,131,13.083333304851166,1,"[261.60614013671875, 98.51110076904297, 289.66973876953125, 157.51708984375]",275.637939453125,128.01409530639648,28.0635986328125,59.00598907470703,0.25230497121810913,7.219232082366943,True,4.323196992278099,-0.10630512422379823,3,0.024550639540565147,4.345460284936653,-0.11665305647378602,88,3,0.024550639540565147,0.024550639540565147,0.01858175573293427,matched,[],[],"[3, 4]",1,0.6848340972392676
yolo26n,132,13.183333304851166,0,"[262.40557861328125, 96.02291107177734, 293.64276123046875, 181.24197387695312]",278.024169921875,138.63244247436523,31.2371826171875,85.21906280517578,0.5720254182815552,7.271585941314697,True,4.363736230134964,-0.16943492616629108,4,0.036884608785888735,4.326951459581411,-0.1721469402906203,3,4,0.036884608785888735,0.036884608785888735,0.026008889323172017,matched,[],[],[4],0,
yolo26n,133,13.283333304851165,0,"[262.827392578125, 93.7623291015625, 293.76239013671875, 182.38192749023438]",278.2948913574219,138.07212829589844,30.93499755859375,88.61959838867188,0.4549497961997986,7.243246555328369,True,4.381306023399035,-0.16370234624264413,4,0.022744464480442223,4.359421433162608,-0.16989713233142784,4,4,0.022744464480442223,0.022744464480442223,0.010054927228255066,matched,[5],[],"[4, 5]",0,0.4144205701487971
yolo26n,133,13.283333304851165,1,"[229.62957763671875, 93.59723663330078, 293.6715087890625, 196.4617919921875]",261.6505432128906,145.02951431274414,64.04193115234375,102.86455535888672,0.2676842212677002,9.154019355773926,True,3.7985349595546722,0.9569298223779112,3,1.205238396991342,4.363397108787407,-0.10774399900891891,90,,,,,new_birth,[5],[],"[4, 5]",0,0.4144205701487971
yolo26n,134,13.383333304851165,0,"[265.2726745605469, 93.73310852050781, 294.5749206542969, 181.1183624267578]",279.9237976074219,137.4257354736328,29.30224609375,87.38525390625,0.36976736783981323,7.245820045471191,True,4.3961816628774,-0.17426771156352672,4,0.012916382243063318,4.387840409747801,-0.16440584427194013,5,4,0.012916382243063318,0.012916382243063318,0.0034843011707580158,matched,[],[],"[3, 4]",1,0.6735741139911092
yolo26n,134,13.383333304851165,1,"[264.70550537109375, 92.51806640625, 294.11810302734375, 155.1739501953125]",279.41180419921875,123.84600830078125,29.41259765625,62.6558837890625,0.3383501470088959,7.153687477111816,True,4.388955861330032,-0.10222583966910115,3,0.013443716022835166,4.3757756427041725,-0.1048744879049325,91,3,0.013443716022835166,0.013443716022835166,0.004265474625485619,matched,[],[],"[3, 4]",1,0.6735741139911092
yolo26n,135,13.483333304851167,0,"[266.09234619140625, 94.86813354492188, 295.41644287109375, 180.76409912109375]",280.75439453125,137.8161163330078,29.3240966796875,85.89596557617188,0.45037841796875,7.251091003417969,True,4.41084885597229,-0.17075724183130436,4,0.0018329353536361175,4.40976429422158,-0.1692796160940133,6,4,0.0018329353536361175,0.0018329353536361175,7.63746157360983e-05,matched,[],[],"[3, 4]",1,0.6979739485711008
yolo26n,135,13.483333304851167,1,"[266.11346435546875, 94.7598876953125, 295.87677001953125, 155.60720825195312]",280.9951171875,125.18354797363281,29.7633056640625,60.847320556640625,0.2704632878303528,7.173149108886719,True,4.4022375742594395,-0.10106190879325627,3,0.006917074259472138,4.39533864539875,-0.10056121239203102,92,3,0.006917074259472138,0.006917074259472138,0.0012909703501460808,matched,[],[],"[3, 4]",1,0.6979739485711008
yolo26n,136,13.583333304851166,,,,,,,,,,,,,,,,,,,,,no_depth,[],[],[],0,
yolo26n,137,13.683333304851166,0,"[268.90582275390625, 95.12812805175781, 298.5999755859375, 183.83665466308594]",283.7528991699219,139.48239135742188,29.69415283203125,88.70852661132812,0.5075355768203735,7.272270202636719,True,4.454579734802246,-0.16898036661488014,4,0.009021661393333135,4.445585599887496,-0.1696845764069399,8,4,0.009021661393333135,0.009021661393333135,0.0015969097563365542,matched,[],[],[4],0,
yolo26n,138,13.783333304851165,0,"[270.6943359375, 95.71990966796875, 301.202392578125, 183.02545166015625]",285.9483642578125,139.3726806640625,30.508056640625,87.3055419921875,0.3180086314678192,7.292143821716309,True,4.483473145961761,-0.16814039329164387,4,0.014217453957430041,4.469284958097075,-0.16905216198380785,9,4,0.014217453957430041,0.014217453957430041,0.004917248892425155,matched,[],[],[4],0,
yolo26n,139,13.899999971851166,0,"[271.68072509765625, 95.9631576538086, 302.44256591796875, 184.13003540039062]",287.0616455078125,140.0465965270996,30.7618408203125,88.16687774658203,0.38554060459136963,7.290530204772949,True,4.49877604842186,-0.16920959471168384,4,0.000947560704274765,4.498900478307003,-0.16827023935189236,10,4,0.000947560704274765,0.000947560704274765,2.357062454970814e-05,matched,[],[5],[4],0,
yolo26n,140,13.983333304851167,0,"[272.4932556152344, 96.097412109375, 303.2680969238281, 182.15106201171875]",287.88067626953125,139.12423706054688,30.77484130859375,86.05364990234375,0.3976231515407562,7.284916877746582,True,4.514338874816894,-0.1729290507154415,4,0.004607084171785994,4.515408561745371,-0.1684478684561525,11,4,0.004607084171785994,0.004607084171785994,0.0006088307433268548,matched,[],[],[4],0,
yolo26n,141,14.083333304851166,0,"[242.38095092773438, 95.92446899414062, 304.3832092285156, 196.73995971679688]",273.382080078125,146.33221435546875,62.00225830078125,100.81549072265625,0.36540403962135315,9.125120162963867,True,4.030455982685089,0.9071845967720158,3,1.08740252671243,4.4809335598255675,-0.0825195042572875,98,,,,,new_birth,[6],[3],[6],0,
yolo26n,142,14.183333304851166,0,"[274.9991455078125, 95.71133422851562, 305.755615234375, 181.06430053710938]",290.37738037109375,138.3878173828125,30.7564697265625,85.35296630859375,0.5025776624679565,7.277173042297363,True,4.545176684856415,-0.16572337615661503,4,0.01042322878828579,4.554638122983332,-0.17009657715170692,13,4,0.01042322878828579,0.01042322878828579,0.0028249109450939917,matched,[],[],[4],0,
yolo26n,143,14.283333304851165,0,"[277.552978515625, 96.521240234375, 307.1875, 185.342529296875]",292.3702392578125,140.931884765625,29.634521484375,88.8212890625,0.47683167457580566,7.3009562492370605,True,4.574110885461171,-0.17467832541583306,4,0.007909631696191948,4.569859803271417,-0.16800819994584706,14,4,0.007909631696191948,0.007909631696191948,0.0017605470342672248,matched,[],[],[4],0,
yolo26n,144,14.383333304851165,0,"[280.55609130859375, 96.41586303710938, 307.33135986328125, 177.04354858398438]",293.9437255859375,136.72970581054688,26.7752685546875,80.627685546875,0.32507795095443726,7.2615766525268555,True,4.5991004556417465,-0.1637737761707676,4,0.010718869301158972,4.590825783473949,-0.17058728918615199,15,4,0.010718869301158972,0.010718869301158972,0.003375586662143001,matched,[],[],[4],0,
yolo26n,145,14.483333304851167,0,"[283.5737609863281, 96.08404541015625, 308.6056823730469, 182.90228271484375]",296.0897216796875,139.4931640625,25.03192138671875,86.8182373046875,0.6030545234680176,7.296176433563232,True,4.6275909945368765,-0.17165286078426334,4,0.014543165918961883,4.613508362486119,-0.16802200007784296,16,4,0.014543165918961883,0.014543165918961883,0.006366045899711815,matched,[],[],[4],0,
yolo26n,146,14.583333304851166,0,"[286.0430908203125, 96.85546875, 309.32843017578125, 183.67291259765625]",297.6857604980469,140.26419067382812,23.28533935546875,86.81744384765625,0.4805816113948822,7.307622909545898,True,4.649843068917592,-0.17646644597444716,4,0.013326270897709748,4.638711948223331,-0.16913926042139,17,4,0.013326270897709748,0.013326270897709748,0.005416357756396515,matched,[],[],[4],0,
yolo26n,147,14.683333304851166,0,"[287.95697021484375, 96.53523254394531, 310.87432861328125, 182.8885955810547]",299.4156494140625,139.7119140625,22.9173583984375,86.35336303710938,0.4384003281593323,7.305717945098877,True,4.680374839901924,-0.16533863163336182,4,0.018088229261084728,4.663474932413821,-0.1717866673571405,18,4,0.018088229261084728,0.018088229261084728,0.010046160300709216,matched,[],[6],[4],0,
yolo26n,148,14.783333304851165,0,"[288.83441162109375, 96.1660385131836, 315.01611328125, 179.83358764648438]",301.9252624511719,137.99981307983398,26.18170166015625,83.66754913330078,0.5633805394172668,7.309022903442383,True,4.718298075596491,-0.14456529206117086,4,0.0372379481220318,4.690901540927974,-0.16978620934218738,19,4,0.0372379481220318,0.0372379481220318,0.04270531961785924,matched,[7],[],"[4, 7]",1,0.6820032714879862
yolo26n,148,14.783333304851165,1,"[288.7647705078125, 96.80052185058594, 312.71319580078125, 159.48988342285156]",300.7389831542969,128.14520263671875,23.94842529296875,62.689361572265625,0.3694778084754944,7.203164577484131,True,4.699868142604828,-0.11719679045843545,4,0.05334835446536367,4.690901540927974,-0.16978620934218738,19,,,,,new_birth,[7],[],"[4, 7]",1,0.6820032714879862
yolo26n,149,14.883333304851165,0,"[289.9813232421875, 94.95947265625, 315.9700927734375, 182.40451049804688]",302.9757080078125,138.68199157714844,25.98876953125,87.44503784179688,0.6709097027778625,7.295546531677246,True,4.741616060336431,-0.15351773947718783,4,0.01989876986883345,4.723034427837777,-0.16063700741552062,20,4,0.01989876986883345,0.01989876986883345,0.012207144815708379,matched,[],[],[4],0,
yolo26n,150,14.983333304851167,0,"[291.920166015625, 93.73381805419922, 316.808837890625, 185.01983642578125]",304.364501953125,139.37682723999023,24.888671875,91.28601837158203,0.649457573890686,7.2984442710876465,True,4.756718524297078,-0.1639656420023421,4,0.007995201867562073,4.753481781466879,-0.15665491366966408,21,4,0.007995201867562073,0.007995201867562073,0.0019710019347272695,matched,[],[],[4],0,
yolo26n,151,15.083333304851166,0,"[258.4110412597656, 92.76496124267578, 317.0630187988281, 194.78125]",287.7370300292969,143.7731056213379,58.6519775390625,102.01628875732422,0.3447674810886383,9.183103561401367,True,4.311267232894897,1.0069920400417853,7,1.189458361460728,4.699868142604828,-0.11719679045843545,4,,,,,new_birth,[8],[],[8],0,
yolo26n,152,15.183333304851166,0,"[294.7008056640625, 93.48038482666016, 319.005859375, 187.68106079101562]",306.85333251953125,140.5807228088379,24.3050537109375,94.20067596435547,0.34696727991104126,7.303506851196289,True,4.786981050173441,-0.1729925907672536,4,0.024219352518294424,4.804344510998335,-0.15610806339489852,23,4,0.024219352518294424,0.024219352518294424,0.0159844598644499,matched,[],[],"[4, 8]",0,0.38349548049234533
yolo26n,152,15.183333304851166,1,"[261.7467041015625, 93.17018127441406, 319.6563720703125, 196.2655792236328]",290.7015380859375,144.71788024902344,57.90966796875,103.09539794921875,0.2741177976131439,9.18310260772705,True,4.3495302319526665,1.0069914162097664,8,0.03826299906285483,4.311267232894897,1.0069920400417853,2,8,0.03826299906285483,0.03826299906285483,0.0266071258025267,matched,[],[],"[4, 8]",0,0.38349548049234533
yolo26n,153,15.283333304851165,0,"[296.1705322265625, 93.62804412841797, 319.5736083984375, 184.93975830078125]",307.8720703125,139.2839012145996,23.403076171875,91.31171417236328,0.565396249294281,7.282277584075928,True,4.810357354581356,-0.16850513554295432,4,0.012619803494980772,4.821393507079305,-0.16238445108009084,24,4,0.012619803494980772,0.012619803494980772,0.004576260749332929,matched,[],[],[4],0,
yolo26n,154,15.383333304851165,0,"[298.0382385253906, 93.79205322265625, 320.8996887207031, 183.75039672851562]",309.4689636230469,138.77122497558594,22.8614501953125,89.95834350585938,0.3831506073474884,7.291046619415283,True,4.832913514971732,-0.16268723740336988,4,0.007927481454690157,4.840590909781738,-0.16466273003705906,25,4,0.007927481454690157,0.007927481454690157,0.0018639935074716472,matched,[],[7],[4],0,
yolo26n,155,15.499999971851167,0,"[299.74359130859375, 94.69767761230469, 321.20294189453125, 184.4927520751953]",310.4732666015625,139.59521484375,21.4593505859375,89.79507446289062,0.5271183252334595,7.298428535461426,True,4.84794940551122,-0.17016250075029493,4,0.01763320528200154,4.864473657216924,-0.164007906199575,26,4,0.01763320528200154,0.01763320528200154,0.009222509364241032,matched,[],[],[4],0,
yolo26n,156,15.583333304851166,0,"[300.4884033203125, 94.34521484375, 323.31634521484375, 187.83413696289062]",311.9023742675781,141.0896759033203,22.82794189453125,93.48892211914062,0.5160520672798157,7.3325347900390625,True,4.862514972686768,-0.16623823396647186,4,0.014548863743533105,4.877063378624317,-0.16635365018785253,27,4,0.014548863743533105,0.014548863743533105,0.006506342717608916,matched,[],[],[4],0,
yolo26n,157,15.683333304851164,0,"[269.81561279296875, 94.33840942382812, 325.53741455078125, 196.256103515625]",297.676513671875,145.29725646972656,55.7218017578125,101.91769409179688,0.43447181582450867,9.18310260772705,True,4.464319014549255,1.0069914162097664,8,0.09549213155025393,4.368826882999519,1.0069911016011608,7,8,0.09549213155025393,0.09549213155025393,0.031693732736161336,matched,[],[],[8],0,
yolo26n,158,15.783333304851165,0,"[302.3934326171875, 94.82952880859375, 326.7337646484375, 187.911376953125]",314.5635986328125,141.37045288085938,24.34033203125,93.08184814453125,0.43374887108802795,7.32923698425293,True,4.908384537696838,-0.16841221717654342,4,0.006174108565774159,4.914400104994406,-0.1670220493196283,29,4,0.006174108565774159,0.006174108565774159,0.001041933016908228,matched,[],[],"[4, 8]",0,0.4371875933914134
yolo26n,158,15.783333304851165,1,"[275.8240966796875, 94.66084289550781, 327.00396728515625, 195.91770935058594]",301.4140319824219,145.28927612304688,51.17987060546875,101.25686645507812,0.3143298029899597,9.18310260772705,True,4.521713405847549,1.0069914162097664,8,0.04237095511028568,4.479342450737354,1.006991328742298,8,8,0.04237095511028568,0.04237095511028568,0.034686392015128416,matched,[],[],"[4, 8]",0,0.4371875933914134
yolo26n,159,15.883333304851167,0,"[303.8021240234375, 94.92926025390625, 327.98345947265625, 185.70382690429688]",315.8927917480469,140.31654357910156,24.18133544921875,90.77456665039062,0.4008793234825134,7.302706718444824,True,4.923930138349533,-0.1735214116198085,4,0.010275640154255278,4.932597196327588,-0.16800136754527678,30,4,0.010275640154255278,0.010275640154255278,0.0030421879715575814,matched,[],[],"[4, 8]",0,0.4182023001057277
yolo26n,159,15.883333304851167,1,"[277.5093994140625, 94.60828399658203, 329.34979248046875, 195.8570556640625]",303.4295959472656,145.23266983032227,51.84039306640625,101.24877166748047,0.39351269602775574,9.168539047241211,True,4.560674170653025,0.9819216562460076,8,0.03977977703521681,4.5297882120235355,1.0069913235854249,9,8,0.03977977703521681,0.03977977703521681,0.03924649351978195,matched,[],[],"[4, 8]",0,0.4182023001057277
yolo26n,160,15.983333304851165,0,"[276.16455078125, 94.50460815429688, 331.158203125, 197.00381469726562]",303.661376953125,145.75421142578125,54.99365234375,102.49920654296875,0.6703316569328308,9.168538093566895,True,4.560674216349919,0.9819210340307327,8,0.016750383214818722,4.572231562802223,0.9940455167341183,10,8,0.016750383214818722,0.016750383214818722,0.007682773965845286,matched,[],[],[8],0,
yolo26n,161,16.083333304851166,0,"[305.63336181640625, 95.84600830078125, 331.50897216796875, 194.37606811523438]",318.5711669921875,145.1110382080078,25.8756103515625,98.53005981445312,0.41669613122940063,7.384814262390137,True,4.969229940573374,-0.15681312604227582,4,0.014682825729539743,4.969536102548131,-0.17149275942493383,32,4,0.014682825729539743,0.014682825729539743,0.00565610105594828,matched,[],[],"[4, 8]",0,0.48056869613311526
yolo26n,161,16.083333304851166,1,"[279.52972412109375, 95.79849243164062, 332.442626953125, 196.06185913085938]",305.9861755371094,145.93017578125,52.91290283203125,100.26336669921875,0.31825974583625793,9.168539047241211,True,4.598876416683197,0.9819216562460076,8,0.0056889871310709505,4.5958195970500855,0.9867196170949636,11,8,0.0056889871310709505,0.0056889871310709505,0.0009302050578523195,matched,[],[],"[4, 8]",0,0.48056869613311526
yolo26n,162,16.199999971851167,0,"[279.1528625488281, 97.28892517089844, 333.9888610839844, 196.7155303955078]",306.57086181640625,147.00222778320312,54.83599853515625,99.42660522460938,0.48908957839012146,9.154020309448242,True,4.618582487106323,0.9569304429764429,8,0.027068425272280733,4.629819344475082,0.981556296935143,12,8,0.027068425272280733,0.027068425272280733,0.02116731390470526,matched,[],[],[8],0,
yolo26n,163,16.299999970851164,0,"[309.0802001953125, 98.5423583984375, 333.497802734375, 157.54339599609375]",321.28900146484375,128.04287719726562,24.4176025390625,59.00103759765625,0.38146287202835083,7.2218523025512695,True,5.015045525630315,-0.10452895773640059,4,0.060523933512681635,5.0126855381299595,-0.16500686268395703,34,4,0.060523933512681635,0.060523933512681635,0.08888231150078378,matched,[],[],[4],0,
yolo26n,164,16.383333304851167,0,"[281.155029296875, 98.07379150390625, 338.2152099609375, 196.68899536132812]",309.68511962890625,147.3813934326172,57.0601806640625,98.61520385742188,0.590591311454773,9.011322975158691,True,4.69962256749471,0.711303942303898,8,0.25438930968136786,4.676310346618575,0.9646228346865728,14,8,0.25438930968136786,0.25438930968136786,1.7112682584753436,matched,[],[],[8],0,
yolo26n,165,16.499999971851167,0,"[282.322509765625, 98.23001861572266, 339.7952880859375, 196.35610961914062]",311.05889892578125,147.29306411743164,57.4727783203125,98.12609100341797,0.7256831526756287,8.983315467834473,True,4.719271391630173,0.6630945781141513,8,0.1726156546549929,4.719774784366245,0.8357094987546482,15,8,0.1726156546549929,0.1726156546549929,0.8235374053267418,matched,[],[],[8],0,
yolo26n,166,16.583333304851166,0,"[313.09173583984375, 98.4867172241211, 340.72540283203125, 193.77554321289062]",326.9085693359375,146.13113021850586,27.6336669921875,95.28882598876953,0.2858772873878479,7.436700344085693,True,5.092958754301071,-0.1353919214342758,4,0.024608320554145382,5.070827169240452,-0.12463262855787444,37,4,0.024608320554145382,0.024608320554145382,0.012861078474506477,matched,[],[],[4],0,
yolo26n,167,16.683333304851164,,,,,,,,,,,,,,,,,,,,,no_depth,[],[],[],0,
yolo26n,168,16.799999971851165,0,"[316.10540771484375, 99.00090789794922, 339.43402099609375, 173.86981201171875]",327.76971435546875,136.43535995483398,23.32861328125,74.86890411376953,0.29054269194602966,7.274014472961426,True,5.106079377730687,-0.15549016005938032,4,0.04084846320018758,5.129693732448933,-0.12215910551473794,39,4,0.04084846320018758,0.04084846320018758,0.03734758863374371,matched,[],[],[4],0,
yolo26n,169,16.883333304851167,0,"[316.0096740722656, 98.6122055053711, 340.7247619628906, 161.40725708007812]",328.3672180175781,130.0097312927246,24.715087890625,62.79505157470703,0.40663114190101624,7.224753379821777,True,5.120412556330362,-0.12705833572219394,4,0.017791797615008487,5.134763800805848,-0.13757450633598034,40,4,0.017791797615008487,0.017791797615008487,0.008612534344049624,matched,[9],[],"[4, 9]",1,0.5783460239105354
yolo26n,169,16.883333304851167,1,"[317.97723388671875, 99.17251586914062, 345.52606201171875, 183.07882690429688]",331.75164794921875,141.12567138671875,27.548828125,83.90631103515625,0.2829796075820923,7.37297248840332,True,5.153603593508402,-0.12708161234043214,4,0.021564753962821415,5.134763800805848,-0.13757450633598034,40,,,,,new_birth,[9],[],"[4, 9]",1,0.5783460239105354
yolo26n,170,16.983333304851165,0,"[319.2355651855469, 98.57491302490234, 341.9842834472656, 163.27859497070312]",330.60992431640625,130.92675399780273,22.74871826171875,64.70368194580078,0.2977325916290283,7.235485076904297,True,5.150739272435506,-0.13208619314640035,4,0.002282546268569866,5.148523993720361,-0.1315361407103649,41,4,0.002282546268569866,0.002282546268569866,0.00015164623365908708,matched,[],[],"[4, 9]",1,0.6500609154872878
yolo26n,170,16.983333304851165,1,"[319.50115966796875, 98.55362701416016, 345.4281005859375, 184.20462036132812]",332.4646301269531,141.37912368774414,25.92694091796875,85.65099334716797,0.2777915298938751,7.365986347198486,True,5.1688038537899645,-0.144186261130125,9,0.022882677353098176,5.153603593508402,-0.12708161234043214,2,9,0.022882677353098176,0.022882677353098176,0.00951598224163555,matched,[],[],"[4, 9]",1,0.6500609154872878
yolo26n,171,17.083333304851166,0,"[294.70123291015625, 98.54681396484375, 350.78033447265625, 195.83380126953125]",322.74078369140625,147.1903076171875,56.0791015625,97.2869873046875,0.2955320179462433,7.523288726806641,True,5.125388145446777,-0.15527579394203972,9,0.042683841690126,5.165364630882096,-0.14031614977289322,3,9,0.042683841690126,0.042683841690126,0.03483039859917024,matched,[],[8],[9],0,
yolo26n,172,17.183333304851164,,,,,,,,,,,,,,,,,,,,,no_depth,[],[],[],0,
yolo26n,173,17.283333304851165,0,"[297.13873291015625, 97.70794677734375, 354.21844482421875, 195.40847778320312]",325.6785888671875,146.55821228027344,57.0797119140625,97.70053100585938,0.2680010199546814,7.4826250076293945,True,5.171476823091506,-0.15609149259326038,9,0.042768352543564536,5.12914628513458,-0.1621953877076837,5,9,0.042768352543564536,0.042768352543564536,0.023270712833492777,matched,[],[],[9],0,
yolo26n,174,17.383333304851167,0,"[300.8168029785156, 97.31617736816406, 354.7813415527344, 195.3578643798828]",327.799072265625,146.33702087402344,53.96453857421875,98.04168701171875,0.2964264750480652,7.442697525024414,True,5.18606743812561,-0.1567038343881837,9,0.02546434390789847,5.161457463113305,-0.16324462490259947,6,9,0.02546434390789847,0.02546434390789847,0.012927111527844856,matched,[],[],"[4, 9]",1,0.5660012889008791
yolo26n,174,17.383333304851167,1,"[322.68255615234375, 97.95049285888672, 353.77850341796875, 194.251953125]",338.23052978515625,146.10122299194336,31.095947265625,96.30146026611328,0.259971559047699,7.429110527038574,True,5.247637017567952,-0.1403566885505967,4,0.02627240274982212,5.227072919735848,-0.12400563272534385,45,4,0.02627240274982212,0.02627240274982212,0.013686691062238354,matched,[],[],"[4, 9]",1,0.5660012889008791
yolo26n,175,17.483333304851165,0,"[302.9009704589844, 97.90623474121094, 356.4570007324219, 195.52345275878906]",329.6789855957031,146.71484375,53.5560302734375,97.61721801757812,0.5176218152046204,7.45292854309082,True,5.2173770825068155,-0.1500460533343757,9,0.03944898814054592,5.180531181886169,-0.16413868519525748,7,9,0.03944898814054592,0.03944898814054592,0.036615223399977234,matched,[],[],"[4, 9]",1,0.5545028929005856
yolo26n,175,17.483333304851165,1,"[323.8355712890625, 98.36386108398438, 354.180419921875, 193.89691162109375]",339.00799560546875,146.13038635253906,30.3448486328125,95.53305053710938,0.2530790865421295,7.418808937072754,True,5.262749483187993,-0.13451837950466672,4,0.0037801928536930827,5.25957895169612,-0.13245983922812216,46,4,0.0037801928536930827,0.0037801928536930827,0.00036427171323145236,matched,[],[],"[4, 9]",1,0.5545028929005856
yolo26n,176,17.583333304851166,0,"[304.39031982421875, 97.81427001953125, 358.2088623046875, 196.2889404296875]",331.2995910644531,147.05160522460938,53.81854248046875,98.47467041015625,0.5889835953712463,7.455534934997559,True,5.232985466718674,-0.14834995754578006,9,0.028436991313106987,5.207281002868276,-0.1605131402339311,8,9,0.028436991313106987,0.028436991313106987,0.02081444576960669,matched,[],[],[9],0,
yolo26n,177,17.683333304851164,0,"[305.146728515625, 97.74280548095703, 360.35986328125, 196.29351806640625]",332.7532958984375,147.01816177368164,55.213134765625,98.55071258544922,0.6004716157913208,7.449460506439209,True,5.24831535021464,-0.152302859896845,9,0.01922658490544208,5.229759196630937,-0.15733582436166962,9,9,0.01922658490544208,0.01922658490544208,0.010071915397557968,matched,[],[],[9],0,
yolo26n,178,17.799999971851165,0,"[309.658203125, 97.11984252929688, 360.4703369140625, 195.12356567382812]",335.06427001953125,146.1217041015625,50.8121337890625,98.00372314453125,0.32562440633773804,7.424854278564453,True,5.2784320354461665,-0.15572804188690803,9,0.026286206129618878,5.252187503440761,-0.15720762713489952,10,9,0.026286206129618878,0.026286206129618878,0.019122384388457946,matched,[],[],[9],0,
yolo26n,179,17.883333304851167,0,"[329.3983154296875, 98.6612548828125, 352.4090576171875, 157.98678588867188]",340.9036865234375,128.3240203857422,23.0107421875,59.325531005859375,0.3537678122520447,7.219574451446533,True,5.300815602143605,-0.11831222747348757,4,0.0472413707048841,5.3461940973747835,-0.13144764816070648,50,4,0.0472413707048841,0.0472413707048841,0.041295781577466203,matched,[],[],[4],0,
yolo26n,180,17.983333304851165,0,"[330.9525451660156, 98.5392837524414, 353.9349670410156, 160.09359741210938]",342.4437561035156,129.3164405822754,22.982421875,61.55431365966797,0.2880755662918091,7.228761196136475,True,5.331318221489588,-0.11210039053990961,4,0.011811211348710337,5.33736170867182,-0.1222483448264689,51,4,0.011811211348710337,0.011811211348710337,0.003498601880693052,matched,[],[],[4],0,
yolo26n,181,18.083333304851166,0,"[311.7259826660156, 97.84168243408203, 366.9291076660156, 197.662353515625]",339.3275451660156,147.75201797485352,55.203125,99.82067108154297,0.49893346428871155,7.457695960998535,True,5.326274198293685,-0.14694368127173707,9,0.025898364783717577,5.304376306807702,-0.16077146659472433,13,9,0.025898364783717577,0.025898364783717577,0.014719169019112617,matched,[],[],[9],0,
yolo26n,182,18.183333304851164,0,"[332.9827880859375, 98.56868743896484, 354.861572265625, 157.77261352539062]",343.92218017578125,128.17065048217773,21.8787841796875,59.20392608642578,0.45342767238616943,7.2116594314575195,True,5.353070826331774,-0.11755127409539678,4,0.016716372318897086,5.369292282461187,-0.11351376687614115,53,4,0.016716372318897086,0.016716372318897086,0.006946995142473398,matched,[],[],[4],0,
yolo26n,183,18.283333304851165,0,"[316.54132080078125, 97.83232879638672, 367.36273193359375, 196.375732421875]",341.9520263671875,147.10403060913086,50.8214111328125,98.54340362548828,0.31101521849632263,7.449040412902832,True,5.372452020645142,-0.13994804029296137,4,0.027194257963832725,5.378356972641243,-0.11340262245621947,54,9,0.027688884788548654,0.027688884788548654,0.017520052522138625,matched,[],[],"[4, 9]",1,0.29583531299219956
yolo26n,183,18.283333304851165,1,"[332.98876953125, 98.57530212402344, 356.550048828125, 161.45716857910156]",344.7694091796875,130.0162353515625,23.561279296875,62.881866455078125,0.31027480959892273,7.21958065032959,True,5.360979032516479,-0.1305472311536855,4,0.024411685938687765,5.378356972641243,-0.11340262245621947,54,4,0.024411685938687765,0.024411685938687765,0.016569325088654108,matched,[],[],"[4, 9]",1,0.29583531299219956
yolo26n,184,18.383333304851167,0,"[316.605712890625, 97.57241821289062, 372.0572509765625, 197.51138305664062]",344.33148193359375,147.54190063476562,55.4515380859375,99.93896484375,0.3384859561920166,7.454111099243164,True,5.388234953085581,-0.13663972167480676,9,0.013819471918826704,5.378737972504658,-0.14667890311359041,16,9,0.013819471918826704,0.013819471918826704,0.005122303073638576,matched,[],[],"[4, 9]",1,0.2590105676218626
yolo26n,184,18.383333304851167,1,"[334.07232666015625, 98.86122131347656, 357.62322998046875, 159.80906677246094]",345.8477783203125,129.33514404296875,23.5509033203125,60.947845458984375,0.32139134407043457,7.216871738433838,True,5.375878736376762,-0.12625703287901757,4,0.013361506347532215,5.387051624284829,-0.11892924824319973,55,4,0.013361506347532215,0.013361506347532215,0.005234577312709981,matched,[],[],"[4, 9]",1,0.2590105676218626
yolo26n,185,18.483333304851165,0,"[336.59564208984375, 98.76458740234375, 359.09466552734375, 157.29611206054688]",347.84515380859375,128.0303497314453,22.4990234375,58.531524658203125,0.4020344018936157,7.210615634918213,True,5.413108187417189,-0.11214594832339131,4,0.01762809000112916,5.397829146430701,-0.12093801654543909,56,4,0.01762809000112916,0.01762809000112916,0.009355105727649622,matched,[],[],[4],0,
yolo26n,186,18.583333304851166,0,"[320.50689697265625, 97.9376220703125, 374.95269775390625, 196.14971923828125]",347.72979736328125,147.04367065429688,54.44580078125,98.21209716796875,0.3445586860179901,7.451748847961426,True,5.4346853494644165,-0.13818094891143762,9,0.014329979093301163,5.420477900619149,-0.1400508949329998,18,9,0.014329979093301163,0.014329979093301163,0.005246742776565948,matched,[],[],"[4, 9]",1,0.26335271514268793
yolo26n,186,18.583333304851166,1,"[337.639892578125, 98.5660171508789, 360.6451416015625, 159.77853393554688]",349.14251708984375,129.1722755432129,23.0052490234375,61.21251678466797,0.29531237483024597,7.213010311126709,True,5.428272487223148,-0.12275072779673124,4,0.011549917360825135,5.418181855422767,-0.11713114232171327,57,4,0.011549917360825135,0.011549917360825135,0.004067106652143067,matched,[],[],"[4, 9]",1,0.26335271514268793
yolo26n,187,18.683333304851164,0,"[337.62664794921875, 98.96102905273438, 361.13909912109375, 161.96612548828125]",349.38287353515625,130.4635772705078,23.512451171875,63.005096435546875,0.39426928758621216,7.219431400299072,True,5.436173980434735,-0.13064789710778335,4,0.01246406934211327,5.4373345570646325,-0.11823797823411039,58,4,0.01246406934211327,0.01246406934211327,0.004762270835654524,matched,[],[],[4],0,
yolo26n,188,18.783333304851165,0,"[339.83416748046875, 98.76284790039062, 362.50860595703125, 161.23995971679688]",351.17138671875,130.00140380859375,22.6744384765625,62.47711181640625,0.3400474786758423,7.216666221618652,True,5.458558999498685,-0.13251295099856808,9,0.008704835405198666,5.466366671031957,-0.13636190211025173,20,9,0.008704835405198666,0.008704835405198666,0.00187401657795892,matched,[],[],[9],0,
yolo26n,189,18.883333304851167,0,"[325.19110107421875, 97.431884765625, 381.59613037109375, 196.11929321289062]",353.39361572265625,146.7755889892578,56.405029296875,98.68740844726562,0.4618489146232605,7.457737445831299,True,5.4816455433766045,-0.1342737480909193,9,0.0014790877500191184,5.4822923108875345,-0.1329435630064059,21,9,0.0014790877500191184,0.0014790877500191184,6.052102759025344e-05,matched,[],[],[9],0,
yolo26n,190,18.983333304851165,0,"[326.953125, 97.27850341796875, 382.9718017578125, 196.020751953125]",354.96246337890625,146.64962768554688,56.0186767578125,98.74224853515625,0.44289955496788025,7.460887432098389,True,5.512936010956764,-0.13221857103698564,9,0.011544796927676706,5.501398316220183,-0.13181368059900483,22,9,0.011544796927676706,0.011544796927676706,0.0038946089025242167,matched,[],[],[9],0,
yolo26n,191,19.083333304851166,0,"[328.5355224609375, 97.40901947021484, 384.6136474609375, 196.53829956054688]",356.5745849609375,146.97365951538086,56.078125,99.12928009033203,0.403714120388031,7.453614234924316,True,5.527964341640472,-0.13696389583317714,9,0.007119879389575639,5.525346064045518,-0.1303429212102183,23,9,0.007119879389575639,0.007119879389575639,0.0015236953613428097,matched,[],[],[9],0,
yolo26n,192,19.199999971851167,0,"[342.2830810546875, 98.55538940429688, 369.0877685546875, 159.2119140625]",355.6854248046875,128.88365173339844,26.8046875,60.656524658203125,0.35076770186424255,7.2223219871521,True,5.526627644896507,-0.10421057302482861,4,0.01953483748233393,5.519222127074598,-0.12228730340536434,63,4,0.01953483748233393,0.01953483748233393,0.006240388995213041,matched,[],[],[4],0,
yolo26n,193,19.283333304851165,0,"[332.8575744628906, 96.83432006835938, 387.6742248535156, 195.44024658203125]",360.2658996582031,146.1372833251953,54.816650390625,98.60592651367188,0.37007734179496765,7.443911552429199,True,5.57380151549975,-0.1306748156291544,9,0.007360100554608923,5.566472863648337,-0.12999515231932052,25,9,0.007360100554608923,0.007360100554608923,0.0014604016417250243,matched,[],[],[9],0,
yolo26n,194,19.383333304851167,0,"[335.84686279296875, 97.10990142822266, 387.24530029296875, 193.97988891601562]",361.54608154296875,145.54489517211914,51.3984375,96.86998748779297,0.3223431706428528,7.434615612030029,True,5.588573735952377,-0.13675561822591753,9,0.007821949344215175,5.58998913797707,-0.12906279503465917,26,9,0.007821949344215175,0.007821949344215175,0.001749910510547892,matched,[],[],[9],0,
yolo26n,195,19.483333304851165,0,"[338.47955322265625, 96.98206329345703, 389.1527099609375, 193.72930908203125]",363.8161315917969,145.35568618774414,50.67315673828125,96.74724578857422,0.31658750772476196,7.412795066833496,True,5.617732922236124,-0.13846245939206359,9,0.010673586757863607,5.610031728026575,-0.13107212367408347,27,9,0.010673586757863607,0.010673586757863607,0.0033701424306587418,matched,[],[],"[4, 9]",1,0.28488751966815257
yolo26n,195,19.483333304851165,1,"[348.4132995605469, 99.17257690429688, 372.5898132324219, 156.9417724609375]",360.5015563964844,128.0571746826172,24.176513671875,57.769195556640625,0.3081599473953247,7.212461948394775,True,5.601038495699564,-0.11089438933536577,9,0.02209115639190187,5.610031728026575,-0.13107212367408347,27,4,0.0305200132389042,0.0305200132389042,0.017477447013475773,matched,[],[],"[4, 9]",1,0.28488751966815257
yolo26n,196,19.583333304851166,0,"[337.7045593261719, 97.37188720703125, 392.4289855957031, 195.60971069335938]",365.0667724609375,146.4907989501953,54.72442626953125,98.23782348632812,0.5040321946144104,7.450201034545898,True,5.620850086212158,-0.13919080430306252,9,0.0140694185741139,5.63359692808104,-0.13323542342663355,28,9,0.0140694185741139,0.0140694185741139,0.00597084515126849,matched,[],[],[9],0,
yolo26n,197,19.683333304851164,0,"[342.727783203125, 98.25191497802734, 374.6300048828125, 183.85806274414062]",358.67889404296875,141.05498886108398,31.9022216796875,85.60614776611328,0.3767012655735016,7.366757869720459,True,5.598549076914787,-0.16865506016026544,9,0.06119722729317253,5.649775908897482,-0.13517503158517366,29,4,0.06781986016323041,0.06781986016323041,0.1026619000017686,matched,[],[],"[4, 9]",1,0.5219912830437896
yolo26n,197,19.683333304851164,1,"[340.00799560546875, 97.52749633789062, 393.20343017578125, 195.88064575195312]",366.605712890625,146.70407104492188,53.1954345703125,98.3531494140625,0.33093515038490295,7.439779281616211,True,5.650980687141418,-0.13337787976372972,9,0.0021636185630516556,5.649775908897482,-0.13517503158517366,29,9,0.0021636185630516556,0.0021636185630516556,0.00014275919848278759,matched,[],[],"[4, 9]",1,0.5219912830437896
yolo26n,198,19.799999971851165,0,"[340.71038818359375, 97.73454284667969, 394.9635009765625, 196.3759002685547]",367.8369445800781,147.0552215576172,54.25311279296875,98.641357421875,0.29887673258781433,7.437633514404297,True,5.666288002332051,-0.13478150180453152,9,0.007602453932139696,5.673886119214917,-0.1345247419466572,30,9,0.007602453932139696,0.007602453932139696,0.0017396605942740062,matched,[],[],[9],0,
yolo26n,199,19.883333304851167,0,"[342.85101318359375, 98.32423400878906, 376.66339111328125, 187.2846221923828]",359.7572021484375,142.80442810058594,33.8123779296875,88.96038818359375,0.5243179798126221,7.417284965515137,True,5.649012434482574,-0.16066656452604366,4,0.017403729930567966,5.646308517188845,-0.14347416368250762,70,4,0.017403729930567966,0.017403729930567966,0.007159966339331107,matched,[],[],[4],0,
yolo26n,200,19.983333304851165,0,"[347.1412658691406, 98.30120849609375, 378.3588562011719, 183.97525024414062]",362.75006103515625,141.1382293701172,31.21759033203125,85.67404174804688,0.4071813225746155,7.357099533081055,True,5.65907349983851,-0.16251696456839682,4,0.008894283290965633,5.664749368758605,-0.15566913372484795,71,4,0.008894283290965633,0.008894283290965633,0.0021571744027467313,matched,[],[],"[4, 9]",1,0.5235899187519257
yolo26n,200,19.983333304851165,1,"[345.1873779296875, 97.6575927734375, 396.80450439453125, 196.61846923828125]",370.9959411621094,147.13803100585938,51.61712646484375,98.96087646484375,0.3666570782661438,7.421209335327148,True,5.7111992279688515,-0.14552513682083923,9,0.011503340562997543,5.707919171723994,-0.1344993454597226,32,9,0.011503340562997543,0.011503340562997543,0.0036245102858452165,matched,[],[],"[4, 9]",1,0.5235899187519257
yolo26n,201,20.083333304851166,0,"[344.94635009765625, 96.88812255859375, 401.54010009765625, 197.60186767578125]",373.24322509765625,147.2449951171875,56.59375,100.7137451171875,0.4295812249183655,7.434813022613525,True,5.727992108464241,-0.1492305588757965,9,0.009910864996556664,5.72929759220615,-0.13940605088915498,33,9,0.009910864996556664,0.009910864996556664,0.002830655771079778,matched,[],[],"[4, 9]",1,0.609630887894462
yolo26n,201,20.083333304851166,1,"[345.5608215332031, 98.37176513671875, 381.4164733886719, 195.28131103515625]",363.4886474609375,146.8265380859375,35.85565185546875,96.9095458984375,0.27231067419052124,7.4786295890808105,True,5.701121523976326,-0.1459995883224039,4,0.027499272485132148,5.6793993086173336,-0.16286242755869798,72,4,0.027499272485132148,0.027499272485132148,0.02198536279343376,matched,[],[],"[4, 9]",1,0.609630887894462
yolo26n,202,20.183333304851164,0,"[347.8474426269531, 98.12893676757812, 381.3374328613281, 184.81607055664062]",364.5924377441406,141.47250366210938,33.489990234375,86.6871337890625,0.4796689450740814,7.373229026794434,True,5.7066011150678,-0.16441107759192786,4,0.00411145208380832,5.704962348724226,-0.16064033719929668,73,4,0.00411145208380832,0.00411145208380832,0.0005069128989680815,matched,[10],[],"[4, 9, 10]",3,0.5384421905294967
yolo26n,202,20.183333304851164,1,"[346.74066162109375, 97.11477661132812, 402.67498779296875, 197.42514038085938]",374.70782470703125,147.26995849609375,55.934326171875,100.31036376953125,0.29219335317611694,7.433271408081055,True,5.7433271408081055,-0.1376349094554774,9,0.008543934469619307,5.7488797094671735,-0.14412858310815538,34,9,0.008543934469619307,0.008543934469619307,0.002168400264536948,matched,[10],[],"[4, 9, 10]",3,0.5174226652386981
yolo26n,202,20.183333304851164,2,"[355.7630615234375, 98.34636688232422, 381.469482421875, 159.6396484375]",368.61627197265625,128.9930076599121,25.7064208984375,61.29328155517578,0.2569443881511688,7.221997261047363,True,5.729722639918327,-0.116673986870377,9,0.033477577096898435,5.7488797094671735,-0.14412858310815538,34,,,,,new_birth,[10],[],"[4, 9, 10]",3,0.5384421905294967
yolo26n,203,20.299999971851165,0,"[347.8388671875, 96.44705963134766, 404.621826171875, 197.45687866210938]",376.2303466796875,146.95196914672852,56.782958984375,101.00981903076172,0.48487773537635803,7.431033134460449,True,5.774065951506296,-0.13909904320203825,9,0.0056143424007571345,5.770049594568815,-0.14302201625110253,35,9,0.0056143424007571345,0.0056143424007571345,0.0009354653062760914,matched,[],[],"[4, 9, 10]",3,0.5886173073247758
yolo26n,203,20.299999971851165,1,"[348.39410400390625, 98.36569213867188, 383.14678955078125, 195.51199340820312]",365.77044677734375,146.9388427734375,34.752685546875,97.14630126953125,0.34708818793296814,7.486999034881592,True,5.733101988832155,-0.14056740413964697,10,0.02413121190253073,5.729722639918327,-0.116673986870377,2,10,0.02413121190253073,0.02413121190253073,0.009927394021394503,matched,[],[],"[4, 9, 10]",3,0.6540736103608977
yolo26n,203,20.299999971851165,2,"[353.37823486328125, 98.57644653320312, 382.14166259765625, 175.34805297851562]",367.75994873046875,136.96224975585938,28.763427734375,76.7716064453125,0.25747543573379517,7.289454936981201,True,5.713759129246076,-0.16992207970051076,4,0.013393550235616542,5.726659582401833,-0.16632131640780595,74,4,0.013393550235616542,0.013393550235616542,0.005355613657379395,matched,[],[],"[4, 9, 10]",3,0.6540736103608977
yolo26n,204,20.399999971851166,0,"[350.03558349609375, 98.67430877685547, 384.05181884765625, 194.4864501953125]",367.043701171875,146.58037948608398,34.0162353515625,95.81214141845703,0.39366745948791504,7.476471900939941,True,5.747647190093994,-0.14740003462065943,10,0.01886011118821107,5.732482437292478,-0.1361869143367864,3,10,0.01886011118821107,0.01886011118821107,0.006687476052703785,matched,[],[],"[9, 10]",1,0.5876933398780806
yolo26n,204,20.399999971851166,1,"[349.46051025390625, 97.07341003417969, 404.90362548828125, 197.09837341308594]",377.18206787109375,147.0858917236328,55.443115234375,100.02496337890625,0.36904969811439514,7.435220718383789,True,5.789992201328277,-0.1363597968104111,9,0.006177734944388462,5.791341079915327,-0.1423884729171959,36,9,0.006177734944388462,0.006177734944388462,0.0011516051136853157,matched,[],[],"[9, 10]",1,0.5876933398780806
yolo26n,205,20.483333304851165,0,"[356.84588623046875, 98.3558120727539, 384.8094482421875, 166.97769165039062]",370.8276672363281,132.66675186157227,27.96356201171875,68.62187957763672,0.4152732789516449,7.244354248046875,True,5.754620234171549,-0.15068154924338018,10,0.010067458229420156,5.744727946159561,-0.14881169548198792,4,10,0.010067458229420156,0.010067458229420156,0.002125665564664453,matched,[],[],[10],0,
yolo26n,206,20.583333304851166,0,"[355.8419189453125, 98.29537963867188, 386.26104736328125, 178.71588134765625]",371.0514831542969,138.50563049316406,30.41912841796875,80.42050170898438,0.4894922077655792,7.329127311706543,True,5.77871977686882,-0.16227206201880673,4,0.018064167386585103,5.771696417000745,-0.17891497521133673,77,4,0.018064167386585103,0.018064167386585103,0.007674357441027023,matched,[],[],[4],0,0.4355613541605377
yolo26n,206,20.583333304851166,1,"[353.3764343261719, 96.571044921875, 408.9462585449219, 197.6417236328125]",381.1613464355469,147.10638427734375,55.56982421875,101.0706787109375,0.3463974893093109,7.456313610076904,False,,,,,,,,,,,,no_depth,[],[],[4],0,0.4355613541605377
yolo26n,207,20.683333304851164,0,"[358.00848388671875, 98.73348999023438, 388.35260009765625, 178.88442993164062]",373.1805419921875,138.8089599609375,30.3441162109375,80.15093994140625,0.4254664182662964,7.3187150955200195,True,5.808108125130335,-0.16294121277476936,4,0.018671164441590456,5.792935228943583,-0.17382218712962175,78,4,0.018671164441590456,0.018671164441590456,0.009379139034810965,matched,[],[],"[4, 9]",1,0.44035195271704997
yolo26n,207,20.683333304851164,1,"[355.44854736328125, 97.39485931396484, 411.00299072265625, 196.81271362304688]",383.22576904296875,147.10378646850586,55.554443359375,99.41785430908203,0.3772502839565277,7.669528007507324,True,5.942712817589442,-0.15211688502768972,9,0.09607900299586383,5.847235661295195,-0.14137968601476275,39,9,0.09607900299586383,0.09607900299586383,0.2207512081289133,matched,[],[],"[4, 9]",1,0.44035195271704997
yolo26n,208,20.783333304851165,0,"[356.8760986328125, 98.59456634521484, 388.9163818359375, 182.91177368164062]",372.896240234375,140.75317001342773,32.040283203125,84.31720733642578,0.4409334063529968,7.387042999267578,True,5.815652664502461,-0.15535145228762204,4,0.01637196639240727,5.817820158779758,-0.1715793064930306,79,4,0.01637196639240727,0.01637196639240727,0.007703744835150801,matched,[],[],[4],0,0.4711912056693398
yolo26n,208,20.783333304851165,1,"[355.54168701171875, 96.68914031982422, 413.79302978515625, 195.11505126953125]",384.6673583984375,145.90209579467773,58.2513427734375,98.42591094970703,0.4262084662914276,7.568723678588867,False,,,,,,,,,,,,no_depth,[],[],[4],0,0.4711912056693398
yolo26n,209,20.883333304851167,0,"[357.26776123046875, 96.70276641845703, 415.59771728515625, 194.8973388671875]",386.4327392578125,145.80005264282227,58.3299560546875,98.19457244873047,0.4529716372489929,7.5894975662231445,False,,,,,,,,,,,,no_depth,[],[],[4],0,0.4614777170957779
yolo26n,209,20.883333304851167,1,"[358.6061096191406, 98.69161987304688, 389.9377746582031, 183.05352783203125]",374.2719421386719,140.87257385253906,31.3316650390625,84.36190795898438,0.4440091848373413,7.391241550445557,True,5.846913094321886,-0.15259791411694845,4,0.018143888926180313,5.8358260925880545,-0.1669603337570921,80,4,0.018143888926180313,0.018143888926180313,0.00980254286146639,matched,[],[],[4],0,0.4614777170957779
yolo26n,210,20.983333304851165,0,"[359.6103820800781, 98.61632537841797, 391.8183288574219, 181.21832275390625]",375.71435546875,139.9173240661621,32.20794677734375,82.60199737548828,0.5893849730491638,7.383802890777588,True,5.8614436705907185,-0.1449588169226841,4,0.017768326752296764,5.858870792492546,-0.16253987871850087,81,4,0.017768326752296764,0.017768326752296764,0.009581378802008851,matched,[],[],[4],0,
yolo26n,211,21.099999971851165,0,"[362.34637451171875, 98.39930725097656, 392.66851806640625, 182.3389434814453]",377.5074462890625,140.36912536621094,30.3221435546875,83.93963623046875,0.5130929946899414,7.3621087074279785,True,5.889588135480881,-0.1467424831463635,4,0.011848916622768333,5.882467874759775,-0.15621342356412543,82,4,0.011848916622768333,0.011848916622768333,0.004222388597542834,matched,[],[10],[4],0,
yolo26n,212,21.183333304851164,0,"[363.81793212890625, 98.29299926757812, 394.39825439453125, 182.12844848632812]",379.10809326171875,140.21072387695312,30.580322265625,83.83544921875,0.387414813041687,7.36076545715332,True,5.904760754108429,-0.15386725343106544,4,0.003784036378299862,5.90138226691443,-0.15216291907646118,83,4,0.003784036378299862,0.003784036378299862,0.00044319348096325174,matched,[],[],[4],0,
yolo26n,213,21.299999971851165,0,"[365.15234375, 96.7763671875, 395.62261962890625, 183.6365966796875]",380.3874816894531,140.20648193359375,30.47027587890625,86.8602294921875,0.6236574649810791,7.396854400634766,True,5.940016913414001,-0.13637711196722258,4,0.020632112998233292,5.925880503359684,-0.1514052854273628,84,4,0.020632112998233292,0.020632112998233292,0.012923355239121755,matched,[],[9],[4],0,
yolo26n,214,21.383333304851167,0,"[366.6690673828125, 96.18782043457031, 396.7674560546875, 184.3524932861328]",381.71826171875,140.27015686035156,30.098388671875,88.1646728515625,0.6389243602752686,7.37249755859375,True,5.952280934651692,-0.1398939330888398,4,0.006794753568666785,5.947807376743772,-0.1450082224532968,85,4,0.006794753568666785,0.006794753568666785,0.0014346454017259082,matched,[],[],[4],0,
yolo26n,215,21.483333304851165,0,"[367.6858215332031, 96.156494140625, 398.3557434082031, 182.54544067382812]",383.0207824707031,139.35096740722656,30.669921875,86.38894653320312,0.6607678532600403,7.379068374633789,True,5.968502724170684,-0.13556231240711725,4,0.005953386162966481,5.970336023930595,-0.14122639386801736,86,4,0.005953386162966481,0.005953386162966481,0.0010978790383755646,matched,[],[],[4],0,
yolo26n,216,21.583333304851166,0,"[369.18939208984375, 95.90975952148438, 400.61163330078125, 183.10256958007812]",384.9005126953125,139.50616455078125,31.4222412109375,87.19281005859375,0.6758151650428772,7.340816974639893,True,5.994068965315819,-0.1483337185335456,4,0.011825871705594111,5.990861197243685,-0.1369512115340937,87,4,0.011825871705594111,0.011825871705594111,0.004322184215859617,matched,[],[],[4],0,
yolo26n,217,21.683333304851164,0,"[371.66064453125, 95.696533203125, 402.0784912109375, 178.49319458007812]",386.86956787109375,137.09486389160156,30.4178466796875,82.79666137695312,0.4446963965892792,7.28607702255249,True,6.017014917731284,-0.15980840019598563,4,0.0216686641928238,6.013098539430737,-0.13849659621536578,88,,,,,new_birth,[11],[],"[4, 11]",1,0.6839617817196284
yolo26n,217,21.683333304851164,1,"[374.8634338378906, 95.75062561035156, 401.4225769042969, 160.6079559326172]",388.14300537109375,128.17929077148438,26.55914306640625,64.85733032226562,0.3021470010280609,7.177375793457031,True,6.009318470954895,-0.1285943890176613,4,0.010599180396064752,6.013098539430737,-0.13849659621536578,88,4,0.010599180396064752,0.010599180396064752,0.0034671545930246143,matched,[11],[],"[4, 11]",1,0.6839617817196284
yolo26n,218,21.799999971851165,0,"[371.766357421875, 92.55803680419922, 402.4620361328125, 180.93359375]",387.11419677734375,136.7458152770996,30.6956787109375,88.37555694580078,0.5381181836128235,7.293447494506836,True,6.018043712774912,-0.1549121444564996,11,0.005003172944066783,6.017014917731284,-0.15980840019598563,2,11,0.005003172944066783,0.005003172944066783,0.00042674458946011685,matched,[],[],[11],0,
yolo26n,219,21.883333304851167,0,"[373.93548583984375, 91.90203857421875, 403.00335693359375, 184.23306274414062]",388.46942138671875,138.0675506591797,29.06787109375,92.33102416992188,0.6230912804603577,7.300830364227295,True,6.034284301598866,-0.15000765279482664,11,0.017511023761242073,6.017820763272603,-0.15597320884153668,3,11,0.017511023761242073,0.017511023761242073,0.006220263419181074,matched,[],[],[11],0,
yolo26n,220,21.983333304851165,0,"[375.3985595703125, 92.30299377441406, 404.28662109375, 184.17213439941406]",389.84259033203125,138.23756408691406,28.8880615234375,91.869140625,0.6816695928573608,7.314306259155273,True,6.066669662793477,-0.15345530357514203,4,0.02677242994286753,6.0750889308820275,-0.12804115535217642,91,4,0.02677242994286753,0.02677242994286753,0.016892739969760952,matched,[],[],[4],0,
yolo26n,221,22.083333304851166,0,"[376.69635009765625, 94.08551025390625, 406.67169189453125, 181.40695190429688]",391.68402099609375,137.74623107910156,29.975341796875,87.32144165039062,0.7011750340461731,7.3023905754089355,True,6.09535858631134,-0.1489711936643614,4,0.010260690732534121,6.091538056844565,-0.1394483091800143,92,4,0.010260690732534121,0.010260690732534121,0.002837757317155759,matched,[],[],[4],0,
yolo26n,222,22.183333304851164,0,"[377.1697692871094, 94.80354309082031, 407.8824157714844, 182.80323791503906]",392.5260925292969,138.8033905029297,30.712646484375,87.99969482421875,0.6049313545227051,7.37322473526001,True,6.105983710289001,-0.12691489825759472,4,0.018073009620329466,6.113685704164276,-0.14326460672844385,93,4,0.018073009620329466,0.018073009620329466,0.009406523601695502,matched,[],[],[4],0,
yolo26n,223,22.283333304851165,,,,,,,,,,,,,,,,,,,,,no_depth,[],[],[],0,
yolo26n,224,22.383333304851167,0,"[378.8857421875, 95.71044158935547, 410.2369384765625, 183.0958251953125]",394.56134033203125,139.40313339233398,31.3511962890625,87.38538360595703,0.6885697841644287,7.400839805603027,True,6.156381219625473,-0.12121012539071163,4,0.01540516289726074,6.15138455584334,-0.1357824414365385,95,4,0.01540516289726074,0.01540516289726074,0.006277392907439246,matched,[],[],[4],0,
yolo26n,225,22.483333304851165,0,"[380.60052490234375, 95.83808898925781, 411.68157958984375, 182.5329132080078]",396.14105224609375,139.1855010986328,31.0810546875,86.69482421875,0.6996100544929504,7.388767242431641,True,6.169888146718343,-0.1166426004691381,4,0.012117152935083666,6.1739409599323105,-0.1280618867999424,96,4,0.012117152935083666,0.012117152935083666,0.0041795464274432745,matched,[],[11],[4],0,
yolo26n,226,22.583333304851166,0,"[380.7830810546875, 96.58416748046875, 413.19873046875, 182.89498901367188]",396.99090576171875,139.7395782470703,32.4156494140625,86.31082153320312,0.7514029145240784,7.403329849243164,True,6.187617496649423,-0.1195686360438355,4,0.005498422216737803,6.192779021604604,-0.12146371045149372,97,4,0.005498422216737803,0.005498422216737803,0.0008950501385833382,matched,[],[],[4],0,
yolo26n,227,22.683333304851164,0,"[381.69793701171875, 97.78890991210938, 414.36322021484375, 181.8228759765625]",398.03057861328125,139.80589294433594,32.665283203125,84.03396606445312,0.750308632850647,7.406673431396484,True,6.203584432601929,-0.12992084553768546,4,0.01387586206439783,6.211062006453138,-0.11823215710271077,98,4,0.01387586206439783,0.01387586206439783,0.005822961104870108,matched,[],[],[4],0,
yolo26n,228,22.799999971851165,0,"[383.0601806640625, 97.92204284667969, 416.2579345703125, 181.42588806152344]",399.6590576171875,139.67396545410156,33.19775390625,83.50384521484375,0.5836879014968872,7.383552551269531,True,6.230592091878255,-0.13260624848179692,4,0.012955009207613062,6.231533334207581,-0.11968547735748614,99,4,0.012955009207613062,0.012955009207613062,0.0050370882184384725,matched,[],[],[4],0,
yolo26n,229,22.883333304851167,0,"[383.45440673828125, 97.79637145996094, 416.922119140625, 179.32044982910156]",400.1882629394531,138.55841064453125,33.46771240234375,81.52407836914062,0.7592426538467407,7.386385917663574,True,6.246452623605728,-0.11821645704700501,4,0.004772047826798026,6.2475117138760385,-0.12286949565210818,100,4,0.004772047826798026,0.004772047826798026,0.0007040749441216935,matched,[],[],[4],0,
yolo26n,230,22.983333304851165,0,"[384.7826843261719, 97.01307678222656, 418.2986755371094, 180.71192932128906]",401.5406799316406,138.8625030517578,33.5159912109375,83.6988525390625,0.7000359892845154,7.402301788330078,True,6.264559888839721,-0.10769739720398963,4,0.01246800023207197,6.266672310485688,-0.11998514331857871,101,4,0.01246800023207197,0.01246800023207197,0.004806469693719087,matched,[],[],[4],0,
yolo26n,231,23.099999971851165,0,"[386.346923828125, 95.99278259277344, 420.520751953125, 181.44041442871094]",403.433837890625,138.7165985107422,34.173828125,85.4476318359375,0.7393976449966431,7.408785343170166,True,6.281102465589841,-0.11597225924996124,4,0.00784509210841873,6.28862321145642,-0.11373980503992392,102,4,0.00784509210841873,0.00784509210841873,0.001865424137912677,matched,[],[],[4],0,
yolo26n,232,23.183333304851164,0,"[388.858154296875, 95.42830657958984, 421.6641845703125, 181.56961059570312]",405.26116943359375,138.49895858764648,32.8060302734375,86.14130401611328,0.6322625875473022,7.368581771850586,True,6.304853022098541,-0.1174917153852233,4,0.00551580696416143,6.3020050707887725,-0.11276801981892375,103,4,0.00551580696416143,0.00551580696416143,0.0009442240451414342,matched,[],[],[4],0,
yolo26n,233,23.283333304851165,0,"[390.8336181640625, 95.7271728515625, 422.8011474609375, 183.458251953125]",406.8173828125,139.59271240234375,31.967529296875,87.7310791015625,0.5762410163879395,7.384603023529053,True,6.338459298014641,-0.1193948010086876,4,0.017915354971285605,6.321950421882156,-0.11243657188128434,104,,,,,new_birth,[12],[],"[4, 12]",1,0.5959662611713052
yolo26n,233,23.283333304851165,1,"[394.98529052734375, 95.98224639892578, 422.59173583984375, 156.526611328125]",408.78851318359375,126.25442886352539,27.6064453125,60.54436492919922,0.32381314039230347,7.1976423263549805,True,6.319567759831746,-0.10263714878776309,4,0.01008492793292551,6.321950421882156,-0.11243657188128434,104,4,0.01008492793292551,0.01008492793292551,0.0031477792089723267,matched,[12],[],"[4, 12]",1,0.5959662611713052
yolo26n,234,23.383333304851167,0,"[394.8997802734375, 94.55361938476562, 424.0767822265625, 180.3751220703125]",409.48828125,137.46437072753906,29.177001953125,85.82150268554688,0.46430400013923645,7.317447662353516,True,6.35677675406138,-0.1327661126789632,12,0.022678650131960822,6.338459298014641,-0.1193948010086876,2,12,0.022678650131960822,0.022678650131960822,0.009347045375881581,matched,[],[],"[4, 12]",1,0.6546473925950691
yolo26n,234,23.383333304851167,1,"[398.1300048828125, 94.75353240966797, 424.2393798828125, 158.1910400390625]",411.1846923828125,126.47228622436523,26.109375,63.43750762939453,0.43660277128219604,7.174306869506836,True,6.352655774354934,-0.11243365394726634,4,0.013545040234907319,6.340180259215237,-0.10715827367998322,105,4,0.013545040234907319,0.013545040234907319,0.00566775617262569,matched,[],[],"[4, 12]",1,0.6546473925950691
yolo26n,235,23.499999971851167,0,"[393.46087646484375, 92.42034912109375, 426.09344482421875, 174.005126953125]",409.77716064453125,133.21273803710938,32.632568359375,81.58477783203125,0.601706326007843,7.282225608825684,True,6.3502459983030946,-0.12533073365764924,12,0.005645325346681308,6.35318982833144,-0.1301477413423112,3,12,0.005645325346681308,0.005645325346681308,0.0005622386628837843,matched,[],[],[12],0,
yolo26n,236,23.583333304851166,0,"[394.0447082519531, 95.08718872070312, 427.8568420410156, 181.27456665039062]",410.9507751464844,138.18087768554688,33.8121337890625,86.1873779296875,0.5015436410903931,7.389974117279053,True,6.40101592640082,-0.1033168976230261,4,0.01778816422599051,6.383285650546898,-0.10475080998946727,107,4,0.01778816422599051,0.01778816422599051,0.008623414352872227,matched,[],[],[4],0,
yolo26n,237,23.683333304851164,0,"[393.30194091796875, 101.31198120117188, 428.50469970703125, 182.46713256835938]",410.9033203125,141.88955688476562,35.2027587890625,81.1551513671875,0.6378161907196045,7.485025882720947,True,6.4190361569325125,-0.09109128295192104,4,0.013624595098166286,6.410996428113924,-0.1020909353151792,108,4,0.013624595098166286,0.013624595098166286,0.005331170859858441,matched,[],[],[4],0,
yolo26n,238,23.783333304851165,0,"[394.0531921386719, 103.81843566894531, 429.8709411621094, 179.7199249267578]",411.9620666503906,141.76918029785156,35.8177490234375,75.9014892578125,0.7041152715682983,7.502646446228027,True,6.438007235527039,-0.0795351789177472,4,0.016139327238911354,6.435182267818079,-0.0954253469838188,109,4,0.016139327238911354,0.016139327238911354,0.007721731969408254,matched,[],[],[4],0,
yolo26n,239,23.883333304851167,0,"[395.40753173828125, 104.0622329711914, 431.2772216796875, 179.14645385742188]",413.3423767089844,141.60434341430664,35.86968994140625,75.08422088623047,0.7251250743865967,7.498908996582031,True,6.452913618087768,-0.08198631261243694,4,0.006491522979984987,6.4576258651877705,-0.08645113039911012,110,4,0.006491522979984987,0.006491522979984987,0.001273349033043328,matched,[],[],[4],0,
yolo26n,240,23.983333304851165,0,"[395.53985595703125, 103.69801330566406, 468.55230712890625, 183.95362854003906]",432.04608154296875,143.82582092285156,73.012451171875,80.255615234375,0.5327727794647217,9.168538093566895,True,7.273033402363459,0.9819210340307327,4,1.3278151844914319,6.4773584317698285,-0.08109096276744103,111,,,,,new_birth,[13],[],"[4, 13]",0,0.48764197759606437
yolo26n,240,23.983333304851165,1,"[395.8126525878906, 103.8964614868164, 432.9347229003906, 180.86996459960938]",414.3736877441406,142.3832130432129,37.1220703125,76.97350311279297,0.30116981267929077,7.519946575164795,True,6.472656204303105,-0.08093762457133913,4,0.004704726958197917,6.4773584317698285,-0.08109096276744103,111,4,0.004704726958197917,0.004704726958197917,0.0006763161924855808,matched,[13],[],"[4, 13]",0,0.48764197759606437
yolo26n,241,24.099999971851165,0,"[396.97686767578125, 103.83582305908203, 435.11444091796875, 182.2542724609375]",416.045654296875,143.04504776000977,38.1375732421875,78.41844940185547,0.6960311532020569,7.533184051513672,True,6.506636810302734,-0.07227852424362613,4,0.0075279845899106175,6.500368373663657,-0.0764471276173973,112,4,0.0075279845899106175,0.0075279845899106175,0.0017096767287653563,matched,[],[12],[4],0,
yolo26n,242,24.199999971851167,0,"[398.4884033203125, 104.06546020507812, 435.7174072265625, 182.44125366210938]",417.1029052734375,143.25335693359375,37.22900390625,78.37579345703125,0.7064149975776672,7.527449607849121,True,6.521172108252843,-0.0887907447978673,4,0.018042366763571818,6.52372372483573,-0.07092971875664617,113,4,0.018042366763571818,0.018042366763571818,0.009906259549471188,matched,[],[],[4],0,
yolo26n,243,24.283333304851165,0,"[398.78948974609375, 104.0657730102539, 434.96466064453125, 183.45675659179688]",416.8770751953125,143.7612648010254,36.1751708984375,79.39098358154297,0.6510719656944275,7.534541606903076,True,6.5226052830616625,-0.0969367824421079,4,0.02920161107331589,6.5405832505410455,-0.07392533367008458,114,4,0.02920161107331589,0.02920161107331589,0.026564683302954386,matched,[],[],[4],0,
yolo26n,244,24.399999971851166,0,"[399.57598876953125, 104.07463073730469, 435.34893798828125, 186.2103729248047]",417.46246337890625,145.1425018310547,35.77294921875,82.1357421875,0.7133533954620361,7.565837860107422,True,6.544691896438598,-0.08939710809221424,4,0.017778931348857514,6.558797480619956,-0.07857477494219384,115,4,0.017778931348857514,0.017778931348857514,0.009636508143436084,matched,[],[],[4],0,
yolo26n,245,24.483333304851165,0,"[399.35260009765625, 104.08186340332031, 436.27447509765625, 184.5644989013672]",417.81353759765625,144.32318115234375,36.921875,80.48263549804688,0.714817225933075,7.562947750091553,True,6.559857973456382,-0.09127293240463885,4,0.014895919664470647,6.570544515277162,-0.0808957340080058,116,4,0.014895919664470647,0.014895919664470647,0.006914130607535599,matched,[],[],[4],0,
yolo26n,246,24.583333304851166,0,"[402.9932861328125, 104.385009765625, 437.7894287109375, 183.40341186523438]",420.391357421875,143.8942108154297,34.796142578125,79.01840209960938,0.705241322517395,7.518913745880127,True,6.582104767362276,-0.10710653058982977,4,0.024180308192215633,6.586178023914172,-0.08327176846949458,117,4,0.024180308192215633,0.024180308192215633,0.01815220902020709,matched,[],[13],[4],0,
yolo26n,247,24.683333304851164,0,"[403.084228515625, 104.171142578125, 438.7332763671875, 184.8131103515625]",420.90875244140625,144.49212646484375,35.6490478515625,80.6419677734375,0.737309455871582,7.558107376098633,True,6.590351760387421,-0.09441457447615065,4,0.013623463915134863,6.603552711877871,-0.0910480259775011,118,4,0.013623463915134863,0.013623463915134863,0.005747262323666974,matched,[],[],[4],0,
yolo26n,248,24.783333304851165,0,"[404.500244140625, 104.24543762207031, 440.26171875, 185.4076690673828]",422.3809814453125,144.82655334472656,35.761474609375,81.1622314453125,0.7449818849563599,7.561886310577393,True,6.6226547708113985,-0.09196185913611288,4,0.0053098594948834945,6.617419168896276,-0.09284677746102497,119,4,0.0053098594948834945,0.0053098594948834945,0.0008716355065186403,matched,[],[],[4],0,
yolo26n,249,24.883333304851167,0,"[407.5436706542969, 104.30736541748047, 440.9190979003906, 183.23651123046875]",424.23138427734375,143.7719383239746,33.37542724609375,78.92914581298828,0.7125416994094849,7.530792713165283,True,6.631671754519144,-0.09937635527232036,4,0.00819295376276217,6.637174020290903,-0.09330597120410142,120,4,0.00819295376276217,0.00819295376276217,0.0020731679001876704,matched,[],[],[4],0,
yolo26n,250,24.983333304851165,0,"[408.184814453125, 104.1751708984375, 442.3951416015625, 185.54119873046875]",425.28997802734375,144.85818481445312,34.2103271484375,81.36602783203125,0.7505643963813782,7.556827545166016,True,6.653056025505066,-0.09524524803736956,4,0.0010223173117789542,6.653350259823531,-0.09622430822540715,121,4,0.0010223173117789542,0.0010223173117789542,3.226364510381198e-05,matched,[],[],[4],0,
yolo26n,251,25.099999971851165,0,"[408.991455078125, 104.22137451171875, 443.90625, 184.1015625]",426.4488525390625,144.16146850585938,34.914794921875,79.88018798828125,0.7291123270988464,7.541848182678223,True,6.681203657388687,-0.09218206678739627,4,0.008666303581768241,6.67407196946275,-0.09710587071306341,122,4,0.008666303581768241,0.008666303581768241,0.002274592279868764,matched,[],[],[4],0,
yolo26n,252,25.183333304851164,0,"[409.8433837890625, 104.08867645263672, 445.1624755859375, 185.21234130859375]",427.5029296875,144.65050888061523,35.319091796875,81.12366485595703,0.6890040636062622,7.554058074951172,True,6.699663066864013,-0.09704277115345139,4,0.008158992334859116,6.691553874561382,-0.09614268442471778,123,4,0.008158992334859116,0.008158992334859116,0.002066187395400753,matched,[],[],[4],0,
yolo26n,253,25.299999971851165,0,"[410.2862243652344, 104.42669677734375, 446.3640441894531, 185.94851684570312]",428.32513427734375,145.18760681152344,36.07781982421875,81.52182006835938,0.6786901950836182,7.577282428741455,True,6.720674551526705,-0.0819690171299099,4,0.01610166839597825,6.7158137763656,-0.09731947607963612,124,4,0.01610166839597825,0.01610166839597825,0.007881560059892871,matched,[],[],[4],0,
yolo26n,254,25.399999971851166,0,"[410.869384765625, 104.19581604003906, 447.7445068359375, 186.0237579345703]",429.30694580078125,145.1097869873047,36.8751220703125,81.82794189453125,0.7690372467041016,7.57643461227417,True,6.73626626531283,-0.08251929194058327,4,0.00984084917873218,6.736327517516037,-0.09235995049202972,125,4,0.00984084917873218,0.00984084917873218,0.0029568029950058725,matched,[],[],[4],0,
yolo26n,255,25.483333304851165,0,"[411.53533935546875, 104.1266098022461, 448.88922119140625, 186.09164428710938]",430.2122802734375,145.10912704467773,37.3538818359375,81.96503448486328,0.7656978964805603,7.584701061248779,True,6.75396212041378,-0.0900121335414168,4,0.0022496029013099115,6.752120188730227,-0.08872062245485775,126,4,0.0022496029013099115,0.0022496029013099115,0.00015787146957313723,matched,[],[],[4],0,
yolo26n,256,25.583333304851166,0,"[411.35504150390625, 104.13641357421875, 450.38165283203125, 186.253173828125]",430.86834716796875,145.19479370117188,39.026611328125,82.11676025390625,0.7977701425552368,7.5965728759765625,True,6.772533671061197,-0.08232686476212692,4,0.00622862437469876,6.771743741459088,-0.08850519567142622,127,4,0.00622862437469876,0.00622862437469876,0.0012058434406474713,matched,[],[],[4],0,
yolo26n,257,25.683333304851164,0,"[414.4764709472656, 104.04792785644531, 451.6644592285156, 185.6596221923828]",433.0704650878906,144.85377502441406,37.18798828125,81.6116943359375,0.7567543387413025,7.592807769775391,True,6.803291845321655,-0.07189230309125971,4,0.018426558151227408,6.791099075141848,-0.08570803327981577,128,4,0.018426558151227408,0.018426558151227408,0.010526784070228428,matched,[],[],[4],0,
yolo26n,258,25.799999971851165,0,"[414.9478759765625, 104.46755981445312, 452.4659423828125, 184.656005859375]",433.7069091796875,144.56178283691406,37.51806640625,80.18844604492188,0.7179931402206421,7.578072547912598,True,6.815579881270726,-0.08145619071748822,4,0.0029875558422681474,6.817875515400159,-0.07954424044238836,129,4,0.0029875558422681474,0.0029875558422681474,0.00027109982151538845,matched,[],[],[4],0,
yolo26n,259,25.883333304851167,0,"[418.087158203125, 104.37216186523438, 453.7958984375, 185.64727783203125]",435.9415283203125,145.0097198486328,35.708740234375,81.27511596679688,0.7276709079742432,7.572932243347168,True,6.830125292142232,-0.08479250256172932,4,0.006872219356182376,6.833530494554026,-0.07882324838602187,130,4,0.006872219356182376,0.006872219356182376,0.0014683993763234993,matched,[],[],[4],0,
yolo26n,260,25.983333304851165,0,"[418.16937255859375, 104.20449829101562, 454.890380859375, 185.305419921875]",436.5298767089844,144.7549591064453,36.72100830078125,81.10092163085938,0.727520227432251,7.583232402801514,True,6.848412898182868,-0.07810718974656616,4,0.0037771276641339955,6.851978927926991,-0.0793522300090465,131,4,0.0037771276641339955,0.0037771276641339955,0.0004424194716272836,matched,[],[],[4],0,
yolo26n,261,26.083333304851166,0,"[419.6025695800781, 104.24115753173828, 456.4589538574219, 185.147216796875]",438.03076171875,144.69418716430664,36.85638427734375,80.90605926513672,0.6935282945632935,7.580309867858887,True,6.879285154740015,-0.08000405943982791,4,0.009410415934508,6.870175779512799,-0.07764287096149215,132,4,0.009410415934508,0.009410415934508,0.0027411716001195883,matched,[],[],[4],0,
yolo26n,262,26.183333304851164,0,"[419.4459533691406, 104.30992889404297, 457.6188659667969, 186.09161376953125]",438.53240966796875,145.2007713317871,38.17291259765625,81.78168487548828,0.7581984996795654,7.60799503326416,True,6.886148768663406,-0.07493268360218419,4,0.0069374410108610516,6.892719864327843,-0.07715727110282357,133,4,0.0069374410108610516,0.0069374410108610516,0.0014879835515652353,matched,[],[],[4],0,
yolo26n,263,26.283333304851165,0,"[420.6826171875, 103.93482208251953, 458.704345703125, 185.054443359375]",439.6934814453125,144.49463272094727,38.021728515625,81.11962127685547,0.7405526041984558,7.588746070861816,True,6.912996405363082,-0.07452854653182062,4,0.0029296142713840664,6.910134441291685,-0.07515448697078345,134,4,0.0029296142713840664,0.0029296142713840664,0.0002651552973665982,matched,[],[],[4],0,
yolo26n,264,26.383333304851167,0,"[421.98748779296875, 104.04937744140625, 460.12823486328125, 185.14431762695312]",441.057861328125,144.5968475341797,38.1407470703125,81.09494018554688,0.7008390426635742,7.598379135131836,True,6.931254696846008,-0.06827621147826157,4,0.005369489679927076,6.930580459885965,-0.07360320161759501,135,4,0.005369489679927076,0.005369489679927076,0.0008903486133712111,matched,[],[],[4],0,
yolo26n,265,26.499999971851167,0,"[424.112060546875, 104.44293212890625, 462.1068115234375, 185.44039916992188]",443.10943603515625,144.94166564941406,37.9947509765625,80.99746704101562,0.604520320892334,7.597769737243652,True,6.946928495168685,-0.06867174084161398,4,0.006875704657129999,6.953665620373939,-0.07004522491535392,136,4,0.006875704657129999,0.006875704657129999,0.0014322481486060414,matched,[],[],[4],0,
yolo26n,266,26.583333304851166,0,"[424.88629150390625, 104.16555786132812, 463.36431884765625, 185.66677856445312]",444.12530517578125,144.91616821289062,38.47802734375,81.501220703125,0.6804583072662354,7.603546142578125,True,6.980090141296387,-0.0649225681439205,4,0.012963060169957834,6.967538233469916,-0.06816147828248889,137,4,0.012963060169957834,0.012963060169957834,0.005216939211832073,matched,[],[],[4],0,
yolo26n,267,26.699999971851167,0,"[426.25787353515625, 104.13069915771484, 464.71588134765625, 185.44320678710938]",445.48687744140625,144.7869529724121,38.4580078125,81.31250762939453,0.7565149664878845,7.587010383605957,True,6.991590225696563,-0.07565509338831689,4,0.011104643838216504,6.994550827003914,-0.06495238556867822,138,4,0.011104643838216504,0.011104643838216504,0.003749335476565134,matched,[],[],[4],0,
yolo26n,268,26.783333304851165,0,"[426.8907470703125, 104.19680786132812, 465.4097900390625, 185.34063720703125]",446.1502685546875,144.7687225341797,38.51904296875,81.14382934570312,0.7661019563674927,7.606475353240967,True,7.012546603878339,-0.06302136557813398,4,0.004904931396018962,7.010065270167893,-0.0672523625075892,139,4,0.004904931396018962,0.004904931396018962,0.0007484564035154448,matched,[],[],[4],0,
yolo26n,269,26.883333304851167,0,"[427.6714782714844, 103.77267456054688, 466.3934631347656, 184.8533935546875]",447.032470703125,144.3130340576172,38.72198486328125,81.08071899414062,0.7616039514541626,7.598133087158203,True,7.0261688232421875,-0.06843590877989669,4,0.006021164474564475,7.030685330041848,-0.06445400120206714,140,4,0.006021164474564475,0.006021164474564475,0.0011245557771947625,matched,[],[],[4],0,
yolo26n,270,26.983333304851165,0,"[428.3385009765625, 103.7795639038086, 468.069580078125, 185.37344360351562]",448.20404052734375,144.5765037536621,39.7310791015625,81.59387969970703,0.7358253598213196,7.604772567749023,True,7.04378262758255,-0.06412655756290153,4,0.005169291704152396,7.048947183671214,-0.0643477749439004,141,4,0.005169291704152396,0.005169291704152396,0.0008271635978737794,matched,[],[],[4],0,
yolo26n,271,27.083333304851166,0,"[430.3025817871094, 104.32024383544922, 469.5306701660156, 185.285888671875]",449.9166259765625,144.8030662536621,39.22808837890625,80.96564483642578,0.7086677551269531,7.60230016708374,True,7.074794420599937,-0.06573126785161953,4,0.008537380287001545,7.066719590542488,-0.06295926826500366,142,4,0.008537380287001545,0.008537380287001545,0.002253219822498954,matched,[],[],[4],0,
yolo26n,272,27.183333304851164,0,"[430.02801513671875, 103.76569366455078, 470.91766357421875, 186.26361083984375]",450.47283935546875,145.01465225219727,40.8896484375,82.49791717529297,0.7735034227371216,7.629829406738281,True,7.0823076089223225,-0.060798110866365995,4,0.006907553858859445,7.088966240990348,-0.06263575046533774,143,4,0.006907553858859445,0.006907553858859445,0.001473872225053698,matched,[],[],[4],0,
yolo26n,273,27.299999971851165,0,"[430.1605224609375, 103.8567123413086, 472.298095703125, 186.52084350585938]",451.22930908203125,145.18877792358398,42.1375732421875,82.66413116455078,0.8050224781036377,7.6394853591918945,True,7.1008584737777705,-0.05454728977223322,4,0.010621099710660397,7.109590195815966,-0.06059417238325532,144,4,0.010621099710660397,0.010621099710660397,0.0034178145188600885,matched,[],[],[4],0,
yolo26n,274,27.383333304851167,0,"[431.22821044921875, 103.81830596923828, 473.30462646484375, 185.68341064453125]",452.26641845703125,144.75085830688477,42.076416015625,81.86510467529297,0.7922922968864441,7.639728546142578,True,7.132757552464803,-0.054389861685417706,4,0.010599266283325389,7.122571208658806,-0.0573195110860939,145,4,0.010599266283325389,0.010599266283325389,0.0034877502057512845,matched,[],[],[4],0,
yolo26n,275,27.483333304851165,0,"[432.8759765625, 103.71978759765625, 474.3687744140625, 185.72271728515625]",453.62237548828125,144.72125244140625,41.4927978515625,82.0029296875,0.8150715231895447,7.6442060470581055,True,7.149932950735092,-0.051491332792879874,4,0.005764542555977336,7.145114363134801,-0.054655375210103864,146,4,0.005764542555977336,0.005764542555977336,0.001029490613096281,matched,[],[],[4],0,
yolo26n,276,27.599999971851165,0,"[434.79534912109375, 104.00364685058594, 476.0003662109375, 186.2473602294922]",455.3978576660156,145.12550354003906,41.20501708984375,82.24371337890625,0.7960174083709717,7.63425874710083,True,7.1630399783452345,-0.05793075890866728,4,0.00924738267282787,7.169602144839083,-0.05141523458558114,147,4,0.00924738267282787,0.00924738267282787,0.0025959583813185945,matched,[],[],[4],0,
yolo26n,277,27.683333304851164,0,"[435.90643310546875, 104.26412963867188, 477.06781005859375, 186.42828369140625]",456.48712158203125,145.34620666503906,41.161376953125,82.16415405273438,0.8152457475662231,7.639036178588867,True,7.1803082426389055,-0.05483806870905639,4,0.004283316714233251,7.183654715673198,-0.05216450922679594,148,4,0.004283316714233251,0.004283316714233251,0.0005702103979429353,matched,[],[],[4],0,
yolo26n,278,27.783333304851165,0,"[437.0914306640625, 104.03422546386719, 478.492919921875, 186.4186553955078]",457.79217529296875,145.2264404296875,41.4014892578125,82.38442993164062,0.8242462277412415,7.630704402923584,True,7.2097248166799535,-0.06023167843635413,4,0.011749013456662084,7.201823731414764,-0.05153615264218625,149,4,0.011749013456662084,0.011749013456662084,0.0042791579892370955,matched,[],[],[4],0,
yolo26n,279,27.883333304851167,0,"[438.3306579589844, 103.76097106933594, 479.9997863769531, 186.07737731933594]",459.16522216796875,144.91917419433594,41.66912841796875,82.31640625,0.8033897280693054,7.6377034187316895,True,7.2276634971300755,-0.05570083636130896,4,0.004572639496432956,7.223825748633587,-0.0532147312866917,150,4,0.004572639496432956,0.004572639496432956,0.000647014718448395,matched,[],[],[4],0,
yolo26n,280,27.983333304851165,0,"[439.6545104980469, 103.91317749023438, 481.1884460449219, 186.00399780273438]",460.4214782714844,144.95858764648438,41.533935546875,82.0908203125,0.8073203563690186,7.636733531951904,True,7.2432904750108715,-0.05632869661342976,4,0.003520609282658324,7.244816102664312,-0.05315581937278554,151,4,0.003520609282658324,0.003520609282658324,0.00038310322060716793,matched,[],[],[4],0,
yolo26n,281,28.083333304851166,0,"[440.8011474609375, 103.77751159667969, 482.5645751953125, 185.8533477783203]",461.682861328125,144.8154296875,41.763427734375,82.07583618164062,0.8132278323173523,7.632894515991211,True,7.273966491222382,-0.05881389960744787,4,0.0112215508766416,7.2640913713245014,-0.053484245671257695,152,4,0.0112215508766416,0.0112215508766416,0.0038894369300027567,matched,[],[],[4],0,
yolo26n,282,28.183333304851164,0,"[441.34088134765625, 103.89958190917969, 483.94573974609375, 185.96815490722656]",462.643310546875,144.93386840820312,42.6048583984375,82.06857299804688,0.8111777901649475,7.63580846786499,True,7.2907425403594965,-0.056927540708374025,4,0.00398592621247405,7.287392189767242,-0.05476819852144197,153,4,0.00398592621247405,0.00398592621247405,0.000490540930468886,matched,[],[],[4],0,
yolo26n,283,28.283333304851165,0,"[441.507568359375, 103.87580108642578, 485.3619384765625, 186.14300537109375]",463.43475341796875,145.00940322875977,43.8543701171875,82.26720428466797,0.8145471215248108,7.648921012878418,True,7.310611555973688,-0.04843908000380459,4,0.00698218848286448,7.308889766025978,-0.05520564452254015,154,4,0.00698218848286448,0.00698218848286448,0.0015049390202973333,matched,[],[],[4],0,
yolo26n,284,28.399999971851166,0,"[441.4748840332031, 103.579833984375, 486.3705139160156, 186.00509643554688]",463.9226989746094,144.79246520996094,44.8956298828125,82.42526245117188,0.8185626268386841,7.653425693511963,True,7.327916981776555,-0.04552295620744573,4,0.008836848916604485,7.333414420491968,-0.05244163139458794,155,4,0.008836848916604485,0.008836848916604485,0.0023652934646741274,matched,[],[],[4],0,
yolo26n,285,28.483333304851165,0,"[443.889404296875, 104.17676544189453, 487.85009765625, 185.3560791015625]",465.8697509765625,144.76642227172852,43.960693359375,81.17931365966797,0.831952691078186,7.644538402557373,True,7.341139885783194,-0.051276181074232596,4,0.007632945003209554,7.348540198357488,-0.04940609465249166,156,4,0.007632945003209554,0.007632945003209554,0.0018085636330654195,matched,[],[],[4],0,
yolo26n,286,28.583333304851166,0,"[445.8669128417969, 104.1389389038086, 489.4187316894531, 185.56564331054688]",467.642822265625,144.85229110717773,43.55181884765625,81.42670440673828,0.8199282288551331,7.644609451293945,True,7.373014183839162,-0.051230187378280334,4,0.007190858692904581,7.36615410096911,-0.04907433215184622,157,4,0.007190858692904581,0.007190858692904581,0.0016019307576204637,matched,[],[],[4],0,
yolo26n,287,28.683333304851164,0,"[447.0811767578125, 103.7636947631836, 490.01220703125, 185.30911254882812]",468.54669189453125,144.53640365600586,42.9310302734375,81.54541778564453,0.836453914642334,7.642877578735352,True,7.388399243354797,-0.052351322302423675,4,0.0034009781832848533,7.388456787969443,-0.04895083098196647,158,4,0.0034009781832848533,0.0034009781832848533,0.00035781684742254994,matched,[],[],[4],0,
yolo26n,288,28.783333304851165,0,"[447.43994140625, 103.44715881347656, 491.07611083984375, 185.16172790527344]",469.2580261230469,144.304443359375,43.63616943359375,81.71456909179688,0.839501678943634,7.63837194442749,True,7.402904507517814,-0.04231890065373811,4,0.009122562051862088,7.408660541671484,-0.049396273698297716,159,4,0.009122562051862088,0.009122562051862088,0.0025719471265439977,matched,[],[],[4],0,
yolo26n,289,28.883333304851167,0,"[447.500244140625, 103.45004272460938, 492.4713134765625, 185.15106201171875]",469.98577880859375,144.30055236816406,44.9710693359375,81.70101928710938,0.8262592554092407,7.643913745880127,True,7.4205726861953725,-0.0516805551795807,4,0.008263150661188443,7.426808739817428,-0.04625918136177895,160,4,0.008263150661188443,0.008263150661188443,0.002108886851125688,matched,[],[],[4],0,
yolo26n,290,28.983333304851165,0,"[446.20709228515625, 103.78854370117188, 494.16021728515625, 186.117431640625]",470.18365478515625,144.95298767089844,47.953125,82.32888793945312,0.8292183876037598,7.661717891693115,True,7.44217257797718,-0.053143707807077334,4,0.006338298525773047,7.444461605959164,-0.04723317660425717,161,4,0.006338298525773047,0.006338298525773047,0.0012403753713124994,matched,[],[],[4],0,
yolo26n,291,29.099999971851165,0,"[447.9413146972656, 103.9727783203125, 495.7638854980469, 185.88153076171875]",471.85260009765625,144.92715454101562,47.82257080078125,81.90875244140625,0.8233463168144226,7.665471076965332,True,7.459338637193044,-0.050720430359110225,4,0.007392585817986908,7.466428827455937,-0.0486276983857618,162,4,0.007392585817986908,0.007392585817986908,0.0016554110924721925,matched,[],[],[4],0,
yolo26n,292,29.199999971851167,0,"[450.14483642578125, 103.66180419921875, 496.88946533203125, 185.16867065429688]",473.51715087890625,144.4152374267578,46.74462890625,81.50686645507812,0.8124139904975891,7.644610404968262,True,7.484498381614685,-0.05122957001323414,4,0.0025311055951496783,7.483188240559111,-0.049063923239566695,163,4,0.0025311055951496783,0.0025311055951496783,0.0001951874799533155,matched,[],[],[4],0,
yolo26n,293,29.283333304851165,0,"[453.12457275390625, 103.51766967773438, 498.01849365234375, 184.8538818359375]",475.571533203125,144.18577575683594,44.8939208984375,81.33621215820312,0.8151916861534119,7.647200584411621,True,7.501271857817967,-0.03658867673944055,4,0.013185934432279943,7.499510509496544,-0.04965644314931366,164,4,0.013185934432279943,0.013185934432279943,0.005417537172004783,matched,[],[],[4],0,
yolo26n,294,29.383333304851167,0,"[454.34735107421875, 103.41574096679688, 499.15093994140625, 184.7408447265625]",476.7491455078125,144.0782928466797,44.8035888671875,81.32510375976562,0.7952769994735718,7.652551651000977,True,7.518964918454488,-0.03311556991976694,4,0.011819436701821341,7.5192252469111,-0.04493213934761017,165,4,0.011819436701821341,0.011819436701821341,0.004339359236032205,matched,[],[],[4],0,
yolo26n,295,29.483333304851165,0,"[455.47515869140625, 103.53375244140625, 500.413818359375, 185.21966552734375]",477.9444885253906,144.376708984375,44.93865966796875,81.6859130859375,0.8082917928695679,7.649197101593018,True,7.549732367197672,-0.03529283836357422,4,0.012309326526241733,7.538320792820003,-0.039907542010892305,166,4,0.012309326526241733,0.012309326526241733,0.0046961461511640466,matched,[],[],[4],0,
yolo26n,296,29.583333304851166,0,"[456.6715087890625, 103.65420532226562, 501.98480224609375, 185.4227294921875]",479.3281555175781,144.53846740722656,45.31329345703125,81.76852416992188,0.7953431010246277,7.657625675201416,True,7.568495278557141,-0.04280408054339002,4,0.009166404231872346,7.561577845099562,-0.03678975756386484,167,4,0.009166404231872346,0.009166404231872346,0.0026002563883682156,matched,[],[],[4],0,
yolo26n,297,29.683333304851164,0,"[457.32415771484375, 103.43843078613281, 503.32061767578125, 185.32521057128906]",480.3223876953125,144.38182067871094,45.9964599609375,81.88677978515625,0.7498142719268799,7.6508402824401855,True,7.582158595323563,-0.04071148279434755,4,0.0038790247012152174,7.583864752029335,-0.037227826392234126,168,4,0.0038790247012152174,0.0038790247012152174,0.00046519303982414727,matched,[],[],[4],0,
yolo26n,298,29.799999971851165,0,"[457.6756591796875, 103.64221954345703, 504.5384521484375, 185.7222900390625]",481.1070556640625,144.68225479125977,46.86279296875,82.08007049560547,0.6994743943214417,7.658320903778076,True,7.600638140241305,-0.04235402142461275,4,0.00822240105411365,7.606785606412511,-0.03689356917515875,169,4,0.00822240105411365,0.00822240105411365,0.002049808520290357,matched,[],[],[4],0,
yolo26n,299,29.883333304851167,0,"[458.44293212890625, 103.77191162109375, 505.80181884765625, 185.68179321289062]",482.12237548828125,144.7268524169922,47.35888671875,81.90988159179688,0.7012810707092285,7.6718363761901855,True,7.62121076186498,-0.0336047239879651,4,0.00429185094659062,7.621278502064657,-0.03789604031435011,170,4,0.00429185094659062,0.00429185094659062,0.0005721221204615024,matched,[],[],[4],0,
yolo26n,300,29.983333304851165,0,"[461.29620361328125, 103.44059753417969, 507.2601318359375, 185.4217987060547]",484.2781677246094,144.4311981201172,45.96392822265625,81.981201171875,0.7703320384025574,7.653903961181641,True,7.64697511990865,-0.03223785374256227,4,0.006810589893309734,7.640990409740391,-0.035488604255411435,171,4,0.006810589893309734,0.006810589893309734,0.0014374975283292083,matched,[],[],[4],0,
yolo26n,301,30.083333304851166,0,"[462.23358154296875, 103.5205307006836, 508.95477294921875, 185.56448364257812]",485.59417724609375,144.54250717163086,46.72119140625,82.04395294189453,0.8134810328483582,7.649190902709961,True,7.66128100156784,-0.035296861745203856,4,0.0026197146887289033,7.662864695004522,-0.03321004116140873,172,4,0.0026197146887289033,0.0026197146887289033,0.00021235319435601813,matched,[],[],[4],0,
yolo26n,302,30.183333304851164,0,"[461.96185302734375, 103.54593658447266, 510.29962158203125, 186.37283325195312]",486.1307373046875,144.9593849182129,48.3377685546875,82.82689666748047,0.8143958449363708,7.6618523597717285,True,7.681648325920104,-0.04006791865803727,4,0.007436845327570025,7.68235854996366,-0.03266506446292069,173,4,0.007436845327570025,0.007436845327570025,0.001709501325170847,matched,[],[],[4],0,
yolo26n,303,30.283333304851165,0,"[463.893310546875, 103.5123291015625, 511.3946533203125, 186.111572265625]",487.64398193359375,144.81195068359375,47.5013427734375,82.5992431640625,0.7766083478927612,7.667119979858398,True,7.699465159575144,-0.036657902824610566,4,0.003620584093996514,7.702077827586543,-0.03415139229323189,174,4,0.003620584093996514,0.003620584093996514,0.00040491399799308825,matched,[],[],[4],0,
yolo26n,304,30.383333304851167,0,"[464.73114013671875, 103.34786987304688, 512.6238403320312, 185.97979736328125]",488.677490234375,144.66383361816406,47.8927001953125,82.63192749023438,0.8414319753646851,7.669299125671387,True,7.7162101070086155,-0.03524722369373823,4,0.0049552578020630985,7.721071433176692,-0.03428696967917679,175,4,0.0049552578020630985,0.0049552578020630985,0.0007581792620708357,matched,[],[],[4],0,
yolo26n,305,30.483333304851165,0,"[466.0008544921875, 103.2234115600586, 513.827880859375, 185.57046508789062]",489.91436767578125,144.3969383239746,47.8270263671875,82.34705352783203,0.850569486618042,7.66206169128418,True,7.737590791781743,-0.039932407030367045,4,0.006118903803802057,7.739107851607918,-0.03400454795275821,176,4,0.006118903803802057,0.006118903803802057,0.0011558410830238564,matched,[],[],[4],0,
yolo26n,306,30.583333304851166,0,"[468.1375732421875, 102.72614288330078, 515.3226928710938, 185.36572265625]",491.7301330566406,144.0459327697754,47.18511962890625,82.63957977294922,0.8214032649993896,7.655169486999512,True,7.759050669272741,-0.031416464908182284,4,0.004264024945603125,7.7580806509017535,-0.03556868998597772,177,4,0.004264024945603125,0.004264024945603125,0.000561238965490878,matched,[],[],[4],0,
yolo26n,307,30.683333304851164,0,"[469.67193603515625, 103.29924011230469, 516.72607421875, 184.8026580810547]",493.1990051269531,144.0509490966797,47.05413818359375,81.50341796875,0.8133152723312378,7.657683372497559,True,7.7759102225303645,-0.02978482891162937,4,0.0044876553971408065,7.777866957774361,-0.03382342249707346,178,4,0.0044876553971408065,0.0044876553971408065,0.000621626326340029,matched,[],[],[4],0,
yolo26n,308,30.783333304851165,0,"[470.01422119140625, 103.71409606933594, 518.1261596679688, 185.4260711669922]",494.0701904296875,144.57008361816406,48.1119384765625,81.71197509765625,0.839499294757843,7.658542156219482,True,7.808132123947143,-0.029227435810378566,4,0.011785959859420164,7.796650489075387,-0.031888433833591294,179,4,0.011785959859420164,0.011785959859420164,0.004287594941016096,matched,[],[],[4],0,
yolo26n,309,30.883333304851167,0,"[471.3590087890625, 104.00271606445312, 519.322998046875, 185.66909790039062]",495.34100341796875,144.83590698242188,47.9639892578125,81.6663818359375,0.7900518774986267,7.667575359344482,True,7.827418413758277,-0.03636311101498624,4,0.009491720882912384,7.820177247188914,-0.030226477407392316,180,4,0.009491720882912384,0.009491720882912384,0.0027808095801312837,matched,[],[],[4],0,
yolo26n,310,30.983333304851165,0,"[472.16741943359375, 103.77294921875, 520.3298950195312, 185.27703857421875]",496.2486572265625,144.52499389648438,48.1624755859375,81.50408935546875,0.7670686841011047,7.661195278167725,True,7.841026582320531,-0.04049328317496137,4,0.009077208262016547,7.842810709828113,-0.0315931371722988,181,4,0.009077208262016547,0.009077208262016547,0.0025432205230478083,matched,[],[],[4],0,
yolo26n,311,31.083333304851166,0,"[474.14495849609375, 103.53831481933594, 521.730224609375, 185.38209533691406]",497.9375915527344,144.460205078125,47.58526611328125,81.84378051757812,0.7199658155441284,7.659563064575195,True,7.8563787261644995,-0.028564815804950072,4,0.008451401294915974,7.862587724305181,-0.03429844693510875,182,4,0.008451401294915974,0.008451401294915974,0.0022046229148813836,matched,[],[],[4],0,
yolo26n,312,31.183333304851164,0,"[474.3575439453125, 102.84575653076172, 523.1165161132812, 185.3248291015625]",498.7370300292969,144.0852928161621,48.75897216796875,82.47907257080078,0.743140697479248,7.668330192565918,True,7.875623822212219,-0.022874516216061735,4,0.010614935555510546,7.88066796705684,-0.032214401634744864,183,4,0.010614935555510546,0.010614935555510546,0.003477829792666922,matched,[],[],[4],0,
yolo26n,313,31.283333304851165,0,"[476.046630859375, 103.32169342041016, 524.3726806640625, 185.10665893554688]",500.20965576171875,144.21417617797852,48.3260498046875,81.78496551513672,0.7147548198699951,7.657351016998291,True,7.9034122606118515,-0.030000544065194923,4,0.004824497095092212,7.898823882523299,-0.02850971921396508,184,4,0.004824497095092212,0.004824497095092212,0.0007184128171252071,matched,[],[],[4],0,
yolo26n,314,31.383333304851167,0,"[478.20489501953125, 103.59134674072266, 525.469970703125, 185.97134399414062]",501.8374328613281,144.78134536743164,47.26507568359375,82.37999725341797,0.6846418380737305,7.6653289794921875,True,7.9224066734313965,-0.03781731438162694,4,0.009875237873173645,7.920177691038207,-0.02819692143005714,185,4,0.009875237873173645,0.009875237873173645,0.003009965731791382,matched,[],[],[4],0,
yolo26n,315,31.483333304851165,0,"[479.27459716796875, 103.65831756591797, 527.0250854492188, 185.7230224609375]",503.14984130859375,144.69067001342773,47.75048828125,82.06470489501953,0.6012762188911438,7.665521621704102,True,7.938449954986572,-0.0246974175855037,4,0.006683948547957404,7.9409344656688905,-0.030902445777316104,186,4,0.006683948547957404,0.006683948547957404,0.0013788894836539787,matched,[],[],[4],0,
yolo26n,316,31.583333304851166,0,"[480.35247802734375, 103.63056945800781, 528.2984008789062, 185.63731384277344]",504.325439453125,144.63394165039062,47.9459228515625,82.00674438476562,0.8052151799201965,7.662045478820801,True,7.96904262304306,-0.026953606207444025,4,0.009050463955654056,7.960113057761888,-0.028427974445670735,187,4,0.009050463955654056,0.009050463955654056,0.002528147233843839,matched,[],[],[4],0,
yolo26n,317,31.683333304851168,0,"[481.29522705078125, 103.269287109375, 529.9347534179688, 185.97921752929688]",505.614990234375,144.62425231933594,48.6395263671875,82.70993041992188,0.8192391395568848,7.666869163513184,True,7.986884444952011,-0.023822796317244155,4,0.005023528224517685,7.983275244203444,-0.027317006639916312,188,4,0.005023528224517685,0.005023528224517685,0.0007788904773297328,matched,[],[],[4],0,
yolo26n,318,31.78333330485117,0,"[482.09619140625, 103.2220687866211, 531.0472412109375, 185.79037475585938]",506.57171630859375,144.50622177124023,48.9510498046875,82.56830596923828,0.7139803767204285,7.6634297370910645,True,8.001509980360666,-0.026055154140298242,4,0.0035640703335959763,8.005012331913747,-0.02539475203441869,189,4,0.0035640703335959763,0.0035640703335959763,0.0003920575468571048,matched,[],[],[4],0,
yolo26n,319,31.883333304851163,0,"[483.21600341796875, 103.41303253173828, 532.5048217773438, 186.04669189453125]",507.86041259765625,144.72986221313477,49.288818359375,82.63365936279297,0.7811242938041687,7.667943954467773,True,8.019252932071685,-0.023125203840722364,4,0.005388894324782536,8.024381905726337,-0.024778627952548447,190,4,0.005388894324782536,0.005388894324782536,0.0008963046927123128,matched,[],[],[4],0,
yolo26n,320,31.983333304851165,0,"[483.70819091796875, 103.48240661621094, 533.880615234375, 185.28160095214844]",508.7944030761719,144.3820037841797,50.17242431640625,81.7991943359375,0.6838928461074829,7.665431976318359,True,8.034233490626017,-0.024755601873695632,4,0.008846219389419057,8.042969512002319,-0.023363650725658505,191,4,0.008846219389419057,0.008846219389419057,0.0024153003731214383,matched,[],[],[4],0,
yolo26n,321,32.083333304851166,0,"[484.90179443359375, 103.73108673095703, 535.0913696289062, 184.93243408203125]",509.99658203125,144.33176040649414,50.1895751953125,81.20134735107422,0.637916088104248,7.667792320251465,True,8.051142360766729,-0.023223621945217765,4,0.008831309088306068,8.059969630004696,-0.022956530175153977,192,4,0.008831309088306068,0.008831309088306068,0.002407163309223852,matched,[],[],[4],0,
yolo26n,322,32.18333330485117,0,"[486.301025390625, 103.85408782958984, 536.4249267578125, 184.60739135742188]",511.36297607421875,144.23073959350586,50.1239013671875,80.75330352783203,0.6705777049064636,7.676494121551514,True,8.070597648620605,-0.030589513101670462,4,0.010213067784900833,8.076451458057747,-0.022220542516669387,193,4,0.010213067784900833,0.010213067784900833,0.00321934576644806,matched,[],[],[4],0,
yolo26n,323,32.28333330485117,0,"[487.039306640625, 103.11566162109375, 537.70556640625, 184.68313598632812]",512.3724365234375,143.89939880371094,50.666259765625,81.56747436523438,0.7797027826309204,7.6672587394714355,True,8.098850407203038,-0.02356994225632203,4,0.005401892503708288,8.093516627996387,-0.024425069145334623,194,4,0.005401892503708288,0.005401892503708288,0.0009006311768708016,matched,[],[],[4],0,
yolo26n,324,32.38333330485116,0,"[487.51092529296875, 103.1329345703125, 539.2234497070312, 185.1773681640625]",513.3671875,144.1551513671875,51.7125244140625,82.04443359375,0.7496530413627625,7.6702446937561035,True,8.116036906838417,-0.021631910274074073,4,0.0027519141341024356,8.11429654592432,-0.023763617404558304,195,4,0.0027519141341024356,0.0027519141341024356,0.00023373557548989456,matched,[],[],[4],0,
yolo26n,325,32.483333304851165,0,"[490.3345947265625, 103.14612579345703, 540.3558349609375, 185.02447509765625]",515.34521484375,144.08530044555664,50.021240234375,81.87834930419922,0.7917991280555725,7.669248104095459,True,8.131609642505644,-0.022278746243875602,4,0.0024855514574220225,8.134075162362922,-0.022593671442709146,196,4,0.0024855514574220225,0.0024855514574220225,0.0001906779891214506,matched,[],[],[4],0,
yolo26n,326,32.583333304851166,0,"[490.0875244140625, 103.27268981933594, 541.6287841796875, 184.61680603027344]",515.858154296875,143.9447479248047,51.541259765625,81.3441162109375,0.7683060169219971,7.674232482910156,True,8.149632914861042,-0.019043637922182555,4,0.004043037030368095,8.15243167572892,-0.02196135724270767,197,4,0.004043037030368095,0.004043037030368095,0.0005045108129187633,matched,[],[],[4],0,
yolo26n,327,32.68333330485117,0,"[491.12396240234375, 103.53128051757812, 543.2860717773438, 184.60458374023438]",517.2050170898438,144.06793212890625,52.162109375,81.07330322265625,0.7685887217521667,7.668607711791992,True,8.17927694718043,-0.022694392515379747,4,0.009049245620157093,8.17053087882351,-0.020371649613118183,198,4,0.009049245620157093,0.009049245620157093,0.002527433802050013,matched,[],[],[4],0,
yolo26n,328,32.78333330485117,0,"[493.671875, 103.67830657958984, 544.520751953125, 184.25784301757812]",519.0963134765625,143.96807479858398,50.848876953125,80.57953643798828,0.7739585041999817,7.6704840660095215,True,8.196035027503967,-0.021476545844963724,4,0.00352589643377495,8.192643560195512,-0.020512235128760888,199,4,0.00352589643377495,0.00352589643377495,0.00038370206422295484,matched,[],[],[4],0,
yolo26n,329,32.88333330485116,0,"[493.74041748046875, 103.42329406738281, 545.8754272460938, 184.4272003173828]",519.8079223632812,143.9252471923828,52.135009765625,81.00390625,0.7847371101379395,7.678585052490234,True,8.215407490730286,-0.016218605035889233,4,0.004581770930075865,8.21330852867389,-0.020291317048970914,200,4,0.004581770930075865,0.004581770930075865,0.0006479205748156774,matched,[],[],[4],0,
yolo26n,330,32.983333304851165,0,"[496.3302001953125, 103.49200439453125, 547.1715087890625, 184.61407470703125]",521.7508544921875,144.05303955078125,50.84130859375,81.1220703125,0.7881188988685608,7.660552978515625,True,8.239775530497234,-0.014935546881678974,4,0.006951565815200333,8.233695174067538,-0.01830504728543673,201,4,0.006951565815200333,0.006951565815200333,0.0014914898331315023,matched,[],[],[4],0,
yolo26n,331,33.083333304851166,0,"[496.77581787109375, 103.6624755859375, 548.4421997070312, 186.08615112304688]",522.6090087890625,144.8743133544922,51.6663818359375,82.42367553710938,0.769609272480011,7.680763244628906,True,8.264324378967284,-0.02782587847175577,4,0.014396612707314838,8.255636153969165,-0.016346453232377354,202,4,0.014396612707314838,0.014396612707314838,0.006396989764860882,matched,[],[],[4],0,
yolo26n,332,33.18333330485117,0,"[497.340576171875, 103.17887878417969, 550.400390625, 185.3726348876953]",523.8704833984375,144.2757568359375,53.059814453125,82.19375610351562,0.7739582061767578,7.670714378356934,True,8.276034265756607,-0.02132706174285115,4,0.0033284564872007997,8.278856661665516,-0.019562776074213258,203,4,0.0033284564872007997,0.0033284564872007997,0.0003419328090860244,matched,[],[],[4],0,
yolo26n,333,33.28333330485117,0,"[498.1169128417969, 103.38311767578125, 551.648681640625, 185.58880615234375]",524.8827972412109,144.4859619140625,53.531768798828125,82.2056884765625,0.78973388671875,7.67109489440918,True,8.292178225517272,-0.0210800880089268,4,0.006334282667405267,8.298403235831804,-0.019908600281905955,204,4,0.006334282667405267,0.006334282667405267,0.0012383684563003578,matched,[],[],[4],0,
yolo26n,334,33.38333330485116,0,"[499.9293212890625, 103.81150817871094, 552.5794677734375, 184.6262664794922]",526.25439453125,144.21888732910156,52.650146484375,80.81475830078125,0.7674082517623901,7.667487144470215,True,8.322577762603759,-0.023421696117788215,4,0.00685142853187898,8.316564288415746,-0.02013837445862191,205,4,0.00685142853187898,0.00685142853187898,0.0014488294368815075,matched,[],[],[4],0,
yolo26n,335,33.483333304851165,0,"[499.48345947265625, 103.41361999511719, 553.4393920898438, 185.7521514892578]",526.46142578125,144.5828857421875,53.9559326171875,82.33853149414062,0.8011839985847473,7.685760498046875,True,8.330496215820311,-0.011561386053315914,4,0.01271842043447112,8.338798959631283,-0.02119583796078486,206,4,0.01271842043447112,0.01271842043447112,0.004992537658337699,matched,[],[],[4],0,
yolo26n,336,33.583333304851166,0,"[500.7895812988281, 103.46026611328125, 554.94287109375, 184.99951171875]",527.8662261962891,144.22988891601562,54.153289794921875,81.53924560546875,0.7554197907447815,7.678776741027832,True,8.359464824199677,-0.016094189696243433,4,0.0036720431006371512,8.356197967501194,-0.017770956777419255,207,4,0.0036720431006371512,0.0036720431006371512,0.0004161697722493516,matched,[],[],[4],0,
yolo26n,337,33.68333330485117,0,"[502.19158935546875, 103.31163787841797, 556.5243530273438, 183.80023193359375]",529.3579711914062,143.55593490600586,54.332763671875,80.48859405517578,0.6971466541290283,7.67778205871582,True,8.375025029977163,-0.01673978770246709,4,0.0022892623176392355,8.377313623041799,-0.016684436609755385,208,4,0.0022892623176392355,0.0022892623176392355,0.00016175067833701135,matched,[],[],[4],0,
yolo26n,338,33.799999971851165,0,"[503.5262145996094, 103.177734375, 559.4163818359375, 176.96795654296875]",531.4712982177734,140.07284545898438,55.890167236328125,73.79022216796875,0.4128609299659729,7.630344390869141,True,8.401861874262492,-0.008722518236110588,4,0.007561811466597084,8.39993635361915,-0.01603506655447567,209,4,0.007561811466597084,0.007561811466597084,0.0017317845229073842,matched,[],[],[4],0,
yolo26n,339,33.88333330485116,0,"[505.479736328125, 103.07106018066406, 564.24658203125, 181.79627990722656]",534.8631591796875,142.4336700439453,58.766845703125,78.7252197265625,0.3737098276615143,7.649781227111816,True,8.442401552200316,-0.008976702588890717,4,0.025401421186189165,8.417301296963657,-0.01287662378460383,210,4,0.025401421186189165,0.025401421186189165,0.020027758133010647,matched,[],[],[4],0,
yolo26n,340,33.983333304851165,0,"[506.7791748046875, 102.90199279785156, 566.5941162109375, 178.8560028076172]",536.6866455078125,140.87899780273438,59.81494140625,75.95401000976562,0.29414230585098267,7.631259918212891,True,8.465863879521688,-0.0016550865239324253,4,0.021418845912693045,8.446352686015322,-0.010491391644786102,211,4,0.021418845912693045,0.021418845912693045,0.014211613088222677,matched,[14],[],"[4, 14]",1,0.6854067829281851
yolo26n,340,33.983333304851165,1,"[506.0715637207031, 103.02554321289062, 584.15185546875, 187.685546875]",545.1117095947266,145.3555450439453,78.08029174804688,84.66000366210938,0.2516392469406128,7.6372904777526855,True,8.500424802303314,-0.004178837732030871,4,0.05443934328005434,8.446352686015322,-0.010491391644786102,211,,,,,new_birth,[14],[],"[4, 14]",1,0.6854067829281851
yolo26n,341,34.083333304851166,0,"[508.0206604003906, 101.74807739257812, 584.2308349609375, 182.77273559570312]",546.1257476806641,142.26040649414062,76.21017456054688,81.024658203125,0.6304635405540466,7.5831170082092285,True,8.491393455862998,-0.0010491445012208445,14,0.009558252886589612,8.500424802303314,-0.004178837732030871,2,14,0.009558252886589612,0.009558252886589612,0.0016603398136119613,matched,[],[],[14],0,
yolo26n,342,34.18333330485117,0,"[508.77789306640625, 102.73609161376953, 583.9296264648438, 184.12890625]",546.353759765625,143.43249893188477,75.1517333984375,81.39281463623047,0.664306640625,7.620157718658447,True,8.52432294487953,-0.002467695301324291,4,0.027010932658320976,8.497382625067047,-0.0044195281510949445,213,4,0.027010932658320976,0.027010932658320976,0.019968958317273397,matched,[],[],[4],0,
yolo26n,343,34.28333330485117,0,"[508.7283020019531, 102.23273468017578, 584.004638671875, 182.796630859375]",546.3664703369141,142.5146827697754,75.27633666992188,80.56389617919922,0.6784894466400146,7.608708381652832,True,8.534879102309544,0.002922354426480034,4,0.00552003206033591,8.532091394922574,-0.0018420386588739964,214,4,0.00552003206033591,0.00552003206033591,0.0008778324599078367,matched,[],[],[4],0,
yolo26n,344,34.38333330485116,0,"[509.91619873046875, 101.944580078125, 583.9539184570312, 182.60519409179688]",546.93505859375,142.27488708496094,74.0377197265625,80.66061401367188,0.4930432438850403,7.610830307006836,True,8.551720809936523,0.004317575172955834,4,0.006337569780681953,8.557598912301296,0.0019484607151349076,215,4,0.006337569780681953,0.006337569780681953,0.0011932881830657345,matched,[],[],[4],0,
yolo26n,345,34.483333304851165,0,"[511.077392578125, 102.954345703125, 584.163818359375, 183.6903076171875]",547.62060546875,143.32232666015625,73.08642578125,80.7359619140625,0.5977344512939453,7.624710559844971,True,8.57408307492733,0.0005181970840917316,4,0.007287487053947262,8.579842652240217,0.004983030422339647,216,4,0.007287487053947262,0.007287487053947262,0.0016071290150450313,matched,[],[],[4],0,
yolo26n,346,34.583333304851166,0,"[515.8765869140625, 99.72250366210938, 584.1221923828125, 185.00640869140625]",549.9993896484375,142.3644561767578,68.24560546875,85.28390502929688,0.5028675198554993,7.579639434814453,True,8.584537816047668,-0.003341634314849351,4,0.019491673719729347,8.60187811058007,0.005560024515161405,217,4,0.019491673719729347,0.019491673719729347,0.011619227532666919,matched,[],[],[4],0,
yolo26n,347,34.68333330485117,,,,,,,,,,,,,,,,,,,,,no_depth,[],[14],[],0,
yolo26n,348,34.78333330485117,0,"[517.1466064453125, 96.07766723632812, 581.9664306640625, 182.96664428710938]",549.5565185546875,139.52215576171875,64.81982421875,86.88897705078125,0.5202898383140564,7.535941123962402,True,8.610971788565317,-0.006597455337066016,4,0.0337060057820828,8.642311393135833,0.005809156252950302,219,4,0.0337060057820828,0.0337060057820828,0.030942505376922808,matched,[],[],[4],0,
yolo26n,349,34.88333330485116,,,,,,,,,,,,,,,,,,,,,no_depth,[],[],[],0,
